EventTime,EventType,ServiceID,DomainID,EventID,TotalUtil,UpTime
5.7,allocate,76,6,89,480,25.0
5.7,allocate,82,6,93,78,25.0
5.7,allocate,31,6,92,402,25.0
5.7,allocate,21,6,91,245,25.0
5.7,allocate,18,6,90,70,25.0
5.7,allocate,70,6,88,217,25.0
5.8,allocate,68,5,341,120,4.285714285714286
5.8,allocate,14,5,342,96,4.285714285714286
5.8,allocate,30,5,340,40,4.285714285714286
5.8,allocate,78,5,343,42,4.285714285714286
5.8,allocate,86,5,344,68,4.285714285714286
5.8,allocate,83,5,345,30,4.285714285714286
5.8,allocate,43,5,346,67,4.285714285714286
6.3,allocate,22,9,820,174,6.666666666666667
6.3,allocate,70,9,819,217,6.666666666666667
10.1,deallocate,83,5,345,30,0.0
10.1,deallocate,86,5,344,68,0.0
10.1,deallocate,68,5,341,120,0.0
10.1,allocate,68,2,348,120,4.285714285714286
10.1,deallocate,43,5,346,67,0.0
10.1,allocate,86,2,351,68,4.285714285714286
10.1,allocate,30,2,347,40,4.285714285714286
10.1,deallocate,14,5,342,96,0.0
10.1,allocate,78,2,350,42,4.285714285714286
10.1,deallocate,30,5,340,40,0.0
10.1,deallocate,78,5,343,42,0.0
10.1,allocate,83,2,352,30,4.285714285714286
10.1,allocate,43,2,353,67,4.285714285714286
10.1,allocate,14,2,349,96,4.285714285714286
12.3,allocate,64,9,320,14,3.333333333333333
12.3,allocate,65,9,319,80,3.333333333333333
13.0,allocate,22,8,822,174,6.666666666666667
13.0,allocate,70,8,821,217,6.666666666666667
13.0,deallocate,22,9,820,174,0.0
13.0,deallocate,70,9,819,217,0.0
14.4,allocate,86,4,358,68,4.285714285714286
14.4,deallocate,78,2,350,42,0.0
14.4,allocate,68,4,355,120,4.285714285714286
14.4,deallocate,30,2,347,40,0.0
14.4,allocate,43,4,360,67,4.285714285714286
14.4,allocate,83,4,359,30,4.285714285714286
14.4,allocate,78,4,357,42,4.285714285714286
14.4,deallocate,14,2,349,96,0.0
14.4,allocate,30,4,354,40,4.285714285714286
14.4,deallocate,43,2,353,67,0.0
14.4,deallocate,83,2,352,30,0.0
14.4,deallocate,86,2,351,68,0.0
14.4,deallocate,68,2,348,120,0.0
14.4,allocate,14,4,356,96,4.285714285714286
14.8,allocate,62,5,168,102,33.333333333333336
14.8,allocate,18,5,170,70,33.333333333333336
14.8,allocate,44,5,166,171,33.333333333333336
14.8,allocate,13,5,169,200,33.333333333333336
14.8,allocate,40,5,167,273,33.333333333333336
15.6,deallocate,64,9,320,14,0.0
15.6,deallocate,65,9,319,80,0.0
15.6,allocate,64,2,322,14,3.333333333333333
15.6,allocate,65,2,321,80,3.333333333333333
17.5,allocate,76,6,719,480,11.666666666666666
18.7,deallocate,30,4,354,40,0.0
18.7,allocate,78,9,364,42,4.285714285714286
18.7,allocate,43,9,367,67,4.285714285714286
18.7,allocate,83,9,366,30,4.285714285714286
18.7,allocate,86,9,365,68,4.285714285714286
18.7,allocate,68,9,362,120,4.285714285714286
18.7,deallocate,86,4,358,68,0.0
18.7,deallocate,78,4,357,42,0.0
18.7,allocate,14,9,363,96,4.285714285714286
18.7,allocate,30,9,361,40,4.285714285714286
18.7,deallocate,43,4,360,67,0.0
18.7,deallocate,14,4,356,96,0.0
18.7,deallocate,68,4,355,120,0.0
18.7,deallocate,83,4,359,30,0.0
19.0,allocate,65,8,323,80,3.333333333333333
19.0,deallocate,64,2,322,14,0.0
19.0,deallocate,65,2,321,80,0.0
19.0,allocate,64,8,324,14,3.333333333333333
19.6,allocate,22,3,824,174,6.666666666666667
19.6,deallocate,22,8,822,174,0.0
19.6,deallocate,70,8,821,217,0.0
19.6,allocate,70,3,823,217,6.666666666666667
19.8,allocate,83,5,571,30,5.0
19.8,allocate,54,5,570,60,5.0
19.8,allocate,78,5,572,42,5.0
19.8,allocate,98,5,569,81,5.0
19.8,allocate,85,5,574,90,5.0
19.8,allocate,49,5,575,156,5.0
19.8,allocate,86,5,573,68,5.0
22.3,allocate,64,5,326,14,3.333333333333333
22.3,allocate,65,5,325,80,3.333333333333333
22.3,deallocate,64,8,324,14,0.0
22.3,deallocate,65,8,323,80,0.0
22.9,deallocate,43,9,367,67,0.0
22.9,deallocate,83,9,366,30,0.0
22.9,deallocate,78,9,364,42,0.0
22.9,deallocate,14,9,363,96,0.0
22.9,deallocate,68,9,362,120,0.0
22.9,deallocate,30,9,361,40,0.0
22.9,deallocate,86,9,365,68,0.0
22.9,allocate,68,8,369,120,4.285714285714286
22.9,allocate,83,8,373,30,4.285714285714286
22.9,allocate,86,8,372,68,4.285714285714286
22.9,allocate,78,8,371,42,4.285714285714286
22.9,allocate,14,8,370,96,4.285714285714286
22.9,allocate,43,8,374,67,4.285714285714286
22.9,allocate,30,8,368,40,4.285714285714286
24.8,deallocate,54,5,570,60,0.0
24.8,deallocate,83,5,571,30,0.0
24.8,deallocate,86,5,573,68,0.0
24.8,allocate,86,2,580,68,5.0
24.8,allocate,78,2,579,42,5.0
24.8,allocate,83,2,578,30,5.0
24.8,allocate,54,2,577,60,5.0
24.8,deallocate,85,5,574,90,0.0
24.8,deallocate,49,5,575,156,0.0
24.8,allocate,85,2,581,90,5.0
24.8,allocate,49,2,582,156,5.0
24.8,deallocate,78,5,572,42,0.0
24.8,deallocate,98,5,569,81,0.0
24.8,allocate,98,2,576,81,5.0
25.6,deallocate,65,5,325,80,0.0
25.6,deallocate,64,5,326,14,0.0
25.6,allocate,64,3,328,14,3.333333333333333
25.6,allocate,65,3,327,80,3.333333333333333
26.3,deallocate,70,3,823,217,0.0
26.3,deallocate,22,3,824,174,0.0
27.2,deallocate,78,8,371,42,0.0
27.2,deallocate,83,8,373,30,0.0
27.2,deallocate,30,8,368,40,0.0
27.2,deallocate,68,8,369,120,0.0
27.2,deallocate,14,8,370,96,0.0
27.2,deallocate,86,8,372,68,0.0
27.2,allocate,30,6,375,40,4.285714285714286
27.2,allocate,83,6,380,30,4.285714285714286
27.2,allocate,86,6,379,68,4.285714285714286
27.2,allocate,78,6,378,42,4.285714285714286
27.2,allocate,14,6,377,96,4.285714285714286
27.2,allocate,68,6,376,120,4.285714285714286
27.2,deallocate,43,8,374,67,0.0
27.2,allocate,43,6,381,67,4.285714285714286
29.0,deallocate,64,3,328,14,0.0
29.0,deallocate,65,3,327,80,0.0
29.0,allocate,64,0,330,14,3.333333333333333
29.0,allocate,65,0,329,80,3.333333333333333
29.2,allocate,76,5,720,480,11.666666666666666
29.2,deallocate,76,6,719,480,0.0
29.8,allocate,78,9,586,42,5.0
29.8,deallocate,98,2,576,81,0.0
29.8,allocate,85,9,588,90,5.0
29.8,allocate,49,9,589,156,5.0
29.8,allocate,54,9,584,60,5.0
29.8,allocate,98,9,583,81,5.0
29.8,allocate,83,9,585,30,5.0
29.8,deallocate,85,2,581,90,0.0
29.8,deallocate,86,2,580,68,0.0
29.8,deallocate,78,2,579,42,0.0
29.8,deallocate,83,2,578,30,0.0
29.8,deallocate,54,2,577,60,0.0
29.8,allocate,86,9,587,68,5.0
29.8,deallocate,49,2,582,156,0.0
30.7,allocate,21,1,97,245,25.0
30.7,allocate,31,1,98,402,25.0
30.7,allocate,65,8,511,80,5.0
30.7,allocate,58,8,510,33,5.0
30.7,allocate,92,8,508,92,5.0
30.7,allocate,91,8,507,50,5.0
30.7,allocate,90,8,509,144,5.0
30.7,allocate,39,8,505,180,5.0
30.7,allocate,60,8,512,444,5.0
30.7,allocate,82,1,99,78,25.0
30.7,deallocate,82,6,93,78,0.0
30.7,deallocate,76,6,89,480,0.0
30.7,deallocate,18,6,90,70,0.0
30.7,deallocate,21,6,91,245,0.0
30.7,deallocate,31,6,92,402,0.0
30.7,allocate,70,1,94,217,25.0
30.7,allocate,76,1,95,480,25.0
30.7,allocate,18,1,96,70,25.0
30.7,allocate,18,8,506,70,5.0
30.7,deallocate,70,6,88,217,0.0
31.5,allocate,14,7,384,96,4.285714285714286
31.5,deallocate,78,6,378,42,0.0
31.5,deallocate,86,6,379,68,0.0
31.5,allocate,86,7,386,68,4.285714285714286
31.5,deallocate,83,6,380,30,0.0
31.5,allocate,68,7,383,120,4.285714285714286
31.5,deallocate,14,6,377,96,0.0
31.5,deallocate,43,6,381,67,0.0
31.5,deallocate,30,6,375,40,0.0
31.5,allocate,43,7,388,67,4.285714285714286
31.5,allocate,83,7,387,30,4.285714285714286
31.5,deallocate,68,6,376,120,0.0
31.5,allocate,78,7,385,42,4.285714285714286
31.5,allocate,30,7,382,40,4.285714285714286
31.8,allocate,15,9,1043,105,14.285714285714286
31.8,allocate,8,9,1044,48,14.285714285714286
32.3,deallocate,65,0,329,80,0.0
32.3,deallocate,64,0,330,14,0.0
33.5,allocate,94,7,836,42,1.0
33.5,allocate,47,7,838,132,1.0
33.5,allocate,27,7,837,38,1.0
33.5,allocate,49,7,835,156,1.0
33.5,allocate,66,7,834,132,1.0
33.5,allocate,63,7,833,104,1.0
34.5,deallocate,94,7,836,42,0.0
34.5,deallocate,49,7,835,156,0.0
34.5,allocate,63,5,839,104,1.0
34.5,deallocate,66,7,834,132,0.0
34.5,deallocate,63,7,833,104,0.0
34.5,allocate,49,5,841,156,1.0
34.5,allocate,66,5,840,132,1.0
34.5,deallocate,47,7,838,132,0.0
34.5,allocate,94,5,842,42,1.0
34.5,allocate,27,5,843,38,1.0
34.5,allocate,47,5,844,132,1.0
34.5,deallocate,27,7,837,38,0.0
34.8,allocate,98,7,590,81,5.0
34.8,allocate,49,7,596,156,5.0
34.8,allocate,85,7,595,90,5.0
34.8,allocate,86,7,594,68,5.0
34.8,allocate,78,7,593,42,5.0
34.8,allocate,83,7,592,30,5.0
34.8,allocate,54,7,591,60,5.0
34.8,deallocate,85,9,588,90,0.0
34.8,deallocate,86,9,587,68,0.0
34.8,deallocate,78,9,586,42,0.0
34.8,deallocate,83,9,585,30,0.0
34.8,deallocate,54,9,584,60,0.0
34.8,deallocate,98,9,583,81,0.0
34.8,deallocate,49,9,589,156,0.0
34.9,allocate,92,3,183,92,4.285714285714286
34.9,allocate,13,3,182,200,4.285714285714286
34.9,allocate,5,3,185,56,4.285714285714286
34.9,allocate,87,3,181,236,4.285714285714286
34.9,allocate,56,3,184,260,4.285714285714286
35.5,deallocate,63,5,839,104,0.0
35.5,deallocate,94,5,842,42,0.0
35.5,deallocate,27,5,843,38,0.0
35.5,allocate,63,3,845,104,1.0
35.5,allocate,66,3,846,132,1.0
35.5,deallocate,47,5,844,132,0.0
35.5,deallocate,49,5,841,156,0.0
35.5,allocate,94,3,848,42,1.0
35.5,allocate,27,3,849,38,1.0
35.5,allocate,47,3,850,132,1.0
35.5,deallocate,66,5,840,132,0.0
35.5,allocate,49,3,847,156,1.0
35.7,deallocate,18,8,506,70,0.0
35.7,deallocate,91,8,507,50,0.0
35.7,allocate,58,4,518,33,5.0
35.7,allocate,90,4,517,144,5.0
35.7,allocate,92,4,516,92,5.0
35.7,allocate,91,4,515,50,5.0
35.7,allocate,18,4,514,70,5.0
35.7,allocate,39,4,513,180,5.0
35.7,deallocate,65,8,511,80,0.0
35.7,deallocate,58,8,510,33,0.0
35.7,deallocate,90,8,509,144,0.0
35.7,deallocate,92,8,508,92,0.0
35.7,allocate,60,4,520,444,5.0
35.7,deallocate,39,8,505,180,0.0
35.7,allocate,65,4,519,80,5.0
35.7,deallocate,60,8,512,444,0.0
35.8,deallocate,86,7,386,68,0.0
35.8,deallocate,30,7,382,40,0.0
35.8,deallocate,68,7,383,120,0.0
35.8,deallocate,14,7,384,96,0.0
35.8,deallocate,43,7,388,67,0.0
35.8,deallocate,78,7,385,42,0.0
35.8,deallocate,83,7,387,30,0.0
36.5,allocate,49,1,853,156,1.0
36.5,allocate,63,1,851,104,1.0
36.5,deallocate,47,3,850,132,0.0
36.5,allocate,66,1,852,132,1.0
36.5,deallocate,94,3,848,42,0.0
36.5,deallocate,27,3,849,38,0.0
36.5,deallocate,66,3,846,132,0.0
36.5,deallocate,63,3,845,104,0.0
36.5,allocate,94,1,854,42,1.0
36.5,allocate,27,1,855,38,1.0
36.5,allocate,47,1,856,132,1.0
36.5,deallocate,49,3,847,156,0.0
37.5,deallocate,94,1,854,42,0.0
37.5,allocate,47,4,862,132,1.0
37.5,allocate,27,4,861,38,1.0
37.5,allocate,66,4,858,132,1.0
37.5,allocate,63,4,857,104,1.0
37.5,allocate,94,4,860,42,1.0
37.5,allocate,49,4,859,156,1.0
37.5,deallocate,49,1,853,156,0.0
37.5,deallocate,63,1,851,104,0.0
37.5,deallocate,66,1,852,132,0.0
37.5,deallocate,27,1,855,38,0.0
37.5,deallocate,47,1,856,132,0.0
38.0,allocate,98,5,310,81,20.0
38.0,allocate,93,5,309,56,20.0
38.0,allocate,46,5,313,292,20.0
38.0,allocate,8,5,311,48,20.0
38.0,allocate,99,5,312,24,20.0
38.5,deallocate,94,4,860,42,0.0
38.5,deallocate,47,4,862,132,0.0
38.5,deallocate,63,4,857,104,0.0
38.5,deallocate,66,4,858,132,0.0
38.5,deallocate,49,4,859,156,0.0
38.5,deallocate,27,4,861,38,0.0
38.5,allocate,94,8,866,42,1.0
38.5,allocate,63,8,863,104,1.0
38.5,allocate,49,8,865,156,1.0
38.5,allocate,27,8,867,38,1.0
38.5,allocate,47,8,868,132,1.0
38.5,allocate,66,8,864,132,1.0
39.2,allocate,13,4,187,200,4.285714285714286
39.2,allocate,5,4,190,56,4.285714285714286
39.2,allocate,56,4,189,260,4.285714285714286
39.2,allocate,92,4,188,92,4.285714285714286
39.2,deallocate,13,3,182,200,0.0
39.2,deallocate,56,3,184,260,0.0
39.2,deallocate,92,3,183,92,0.0
39.2,deallocate,87,3,181,236,0.0
39.2,deallocate,5,3,185,56,0.0
39.2,allocate,87,4,186,236,4.285714285714286
39.5,allocate,94,2,872,42,1.0
39.5,allocate,47,2,874,132,1.0
39.5,deallocate,66,8,864,132,0.0
39.5,deallocate,63,8,863,104,0.0
39.5,allocate,27,2,873,38,1.0
39.5,allocate,66,2,870,132,1.0
39.5,deallocate,49,8,865,156,0.0
39.5,deallocate,27,8,867,38,0.0
39.5,deallocate,47,8,868,132,0.0
39.5,allocate,49,2,871,156,1.0
39.5,allocate,63,2,869,104,1.0
39.5,deallocate,94,8,866,42,0.0
39.8,allocate,85,0,602,90,5.0
39.8,allocate,83,0,599,30,5.0
39.8,allocate,54,0,598,60,5.0
39.8,deallocate,86,7,594,68,0.0
39.8,deallocate,78,7,593,42,0.0
39.8,deallocate,83,7,592,30,0.0
39.8,deallocate,54,7,591,60,0.0
39.8,allocate,98,0,597,81,5.0
39.8,deallocate,85,7,595,90,0.0
39.8,deallocate,49,7,596,156,0.0
39.8,allocate,78,0,600,42,5.0
39.8,allocate,86,0,601,68,5.0
39.8,allocate,49,0,603,156,5.0
39.8,deallocate,98,7,590,81,0.0
40.5,deallocate,47,2,874,132,0.0
40.5,allocate,63,0,875,104,1.0
40.5,deallocate,49,2,871,156,0.0
40.5,deallocate,94,2,872,42,0.0
40.5,deallocate,27,2,873,38,0.0
40.5,allocate,94,0,878,42,1.0
40.5,deallocate,66,2,870,132,0.0
40.5,allocate,49,0,877,156,1.0
40.5,allocate,27,0,879,38,1.0
40.5,allocate,47,0,880,132,1.0
40.5,deallocate,63,2,869,104,0.0
40.5,allocate,66,0,876,132,1.0
40.7,allocate,92,1,524,92,5.0
40.7,allocate,65,1,527,80,5.0
40.7,deallocate,39,4,513,180,0.0
40.7,allocate,39,1,521,180,5.0
40.7,allocate,60,1,528,444,5.0
40.7,allocate,58,1,526,33,5.0
40.7,deallocate,18,4,514,70,0.0
40.7,allocate,91,1,523,50,5.0
40.7,deallocate,65,4,519,80,0.0
40.7,allocate,90,1,525,144,5.0
40.7,deallocate,60,4,520,444,0.0
40.7,deallocate,58,4,518,33,0.0
40.7,deallocate,90,4,517,144,0.0
40.7,deallocate,92,4,516,92,0.0
40.7,deallocate,91,4,515,50,0.0
40.7,allocate,18,1,522,70,5.0
40.8,deallocate,76,5,720,480,0.0
40.8,allocate,76,0,721,480,11.666666666666666
41.5,deallocate,94,0,878,42,0.0
41.5,deallocate,27,0,879,38,0.0
41.5,deallocate,47,0,880,132,0.0
41.5,deallocate,49,0,877,156,0.0
41.5,allocate,66,9,882,132,1.0
41.5,allocate,49,9,883,156,1.0
41.5,allocate,47,9,886,132,1.0
41.5,allocate,27,9,885,38,1.0
41.5,deallocate,66,0,876,132,0.0
41.5,deallocate,63,0,875,104,0.0
41.5,allocate,63,9,881,104,1.0
41.5,allocate,94,9,884,42,1.0
41.6,allocate,2,8,3,48,30.0
41.6,allocate,8,8,0,48,30.0
41.6,allocate,24,8,6,450,30.0
41.6,allocate,0,8,1,450,30.0
41.6,allocate,77,8,7,20,30.0
41.6,allocate,49,8,5,156,30.0
41.6,allocate,89,8,2,273,30.0
41.6,allocate,65,8,4,80,30.0
41.7,allocate,62,8,251,102,10.0
41.7,allocate,63,8,252,104,10.0
42.5,deallocate,47,9,886,132,0.0
42.5,deallocate,63,9,881,104,0.0
42.5,deallocate,66,9,882,132,0.0
42.5,deallocate,49,9,883,156,0.0
42.5,deallocate,94,9,884,42,0.0
42.5,deallocate,27,9,885,38,0.0
42.5,allocate,63,6,887,104,1.0
42.5,allocate,66,6,888,132,1.0
42.5,allocate,49,6,889,156,1.0
42.5,allocate,94,6,890,42,1.0
42.5,allocate,27,6,891,38,1.0
42.5,allocate,47,6,892,132,1.0
43.1,allocate,58,1,1057,33,10.0
43.1,allocate,43,1,1058,67,10.0
43.1,allocate,2,1,1059,48,10.0
43.1,allocate,36,1,1060,50,10.0
43.1,allocate,18,1,1061,70,10.0
43.1,allocate,41,1,1062,60,10.0
43.5,deallocate,94,6,890,42,0.0
43.5,deallocate,5,4,190,56,0.0
43.5,deallocate,63,6,887,104,0.0
43.5,deallocate,66,6,888,132,0.0
43.5,deallocate,49,6,889,156,0.0
43.5,allocate,5,1,195,56,4.285714285714286
43.5,deallocate,92,4,188,92,0.0
43.5,deallocate,87,4,186,236,0.0
43.5,deallocate,13,4,187,200,0.0
43.5,deallocate,27,6,891,38,0.0
43.5,allocate,87,1,191,236,4.285714285714286
43.5,deallocate,47,6,892,132,0.0
43.5,allocate,56,1,194,260,4.285714285714286
43.5,allocate,92,1,193,92,4.285714285714286
43.5,allocate,13,1,192,200,4.285714285714286
43.5,deallocate,56,4,189,260,0.0
44.8,allocate,78,1,607,42,5.0
44.8,allocate,49,1,610,156,5.0
44.8,deallocate,83,0,599,30,0.0
44.8,allocate,85,1,609,90,5.0
44.8,deallocate,78,0,600,42,0.0
44.8,allocate,86,1,608,68,5.0
44.8,allocate,83,1,606,30,5.0
44.8,deallocate,49,0,603,156,0.0
44.8,deallocate,98,0,597,81,0.0
44.8,deallocate,54,0,598,60,0.0
44.8,deallocate,85,0,602,90,0.0
44.8,deallocate,86,0,601,68,0.0
44.8,allocate,98,1,604,81,5.0
44.8,allocate,54,1,605,60,5.0
45.7,deallocate,18,1,522,70,0.0
45.7,allocate,65,0,535,80,5.0
45.7,deallocate,65,1,527,80,0.0
45.7,deallocate,58,1,526,33,0.0
45.7,deallocate,90,1,525,144,0.0
45.7,deallocate,92,1,524,92,0.0
45.7,deallocate,91,1,523,50,0.0
45.7,allocate,60,0,536,444,5.0
45.7,allocate,92,0,532,92,5.0
45.7,allocate,90,0,533,144,5.0
45.7,allocate,58,0,534,33,5.0
45.7,allocate,91,0,531,50,5.0
45.7,allocate,18,0,530,70,5.0
45.7,allocate,39,0,529,180,5.0
45.7,deallocate,60,1,528,444,0.0
45.7,deallocate,39,1,521,180,0.0
46.1,allocate,8,0,1046,48,14.285714285714286
46.1,allocate,15,0,1045,105,14.285714285714286
46.1,deallocate,8,9,1044,48,0.0
46.1,deallocate,15,9,1043,105,0.0
47.8,allocate,5,7,200,56,4.285714285714286
47.8,deallocate,87,1,191,236,0.0
47.8,deallocate,92,1,193,92,0.0
47.8,deallocate,56,1,194,260,0.0
47.8,deallocate,13,1,192,200,0.0
47.8,allocate,87,7,196,236,4.285714285714286
47.8,allocate,13,7,197,200,4.285714285714286
47.8,allocate,92,7,198,92,4.285714285714286
47.8,allocate,56,7,199,260,4.285714285714286
47.8,deallocate,5,1,195,56,0.0
48.1,allocate,44,3,171,171,33.333333333333336
48.1,deallocate,40,5,167,273,0.0
48.1,deallocate,44,5,166,171,0.0
48.1,deallocate,62,5,168,102,0.0
48.1,deallocate,18,5,170,70,0.0
48.1,allocate,40,3,172,273,33.333333333333336
48.1,allocate,62,3,173,102,33.333333333333336
48.1,allocate,13,3,174,200,33.333333333333336
48.1,deallocate,13,5,169,200,0.0
48.1,allocate,18,3,175,70,33.333333333333336
49.8,deallocate,49,1,610,156,0.0
49.8,allocate,83,6,613,30,5.0
49.8,allocate,85,6,616,90,5.0
49.8,deallocate,86,1,608,68,0.0
49.8,allocate,86,6,615,68,5.0
49.8,allocate,98,6,611,81,5.0
49.8,deallocate,85,1,609,90,0.0
49.8,allocate,78,6,614,42,5.0
49.8,deallocate,78,1,607,42,0.0
49.8,deallocate,83,1,606,30,0.0
49.8,deallocate,54,1,605,60,0.0
49.8,deallocate,98,1,604,81,0.0
49.8,allocate,49,6,617,156,5.0
49.8,allocate,54,6,612,60,5.0
50.7,deallocate,91,0,531,50,0.0
50.7,deallocate,39,0,529,180,0.0
50.7,deallocate,92,0,532,92,0.0
50.7,deallocate,90,0,533,144,0.0
50.7,deallocate,58,0,534,33,0.0
50.7,deallocate,65,0,535,80,0.0
50.7,deallocate,60,0,536,444,0.0
50.7,allocate,60,9,544,444,5.0
50.7,allocate,18,9,538,70,5.0
50.7,allocate,91,9,539,50,5.0
50.7,allocate,92,9,540,92,5.0
50.7,allocate,90,9,541,144,5.0
50.7,allocate,58,9,542,33,5.0
50.7,allocate,65,9,543,80,5.0
50.7,deallocate,18,0,530,70,0.0
50.7,allocate,39,9,537,180,5.0
51.7,deallocate,62,8,251,102,0.0
51.7,allocate,63,2,254,104,10.0
51.7,deallocate,63,8,252,104,0.0
51.7,allocate,62,2,253,102,10.0
52.0,allocate,87,5,201,236,4.285714285714286
52.0,allocate,56,5,204,260,4.285714285714286
52.0,allocate,13,5,202,200,4.285714285714286
52.0,allocate,5,5,205,56,4.285714285714286
52.0,deallocate,87,7,196,236,0.0
52.0,deallocate,56,7,199,260,0.0
52.0,deallocate,92,7,198,92,0.0
52.0,deallocate,5,7,200,56,0.0
52.0,allocate,92,5,203,92,4.285714285714286
52.0,deallocate,13,7,197,200,0.0
52.5,deallocate,76,0,721,480,0.0
52.5,allocate,76,1,722,480,11.666666666666666
53.1,deallocate,36,1,1060,50,0.0
53.1,deallocate,41,1,1062,60,0.0
53.1,allocate,58,0,1063,33,10.0
53.1,deallocate,18,1,1061,70,0.0
53.1,deallocate,2,1,1059,48,0.0
53.1,allocate,2,0,1065,48,10.0
53.1,allocate,41,0,1068,60,10.0
53.1,allocate,18,0,1067,70,10.0
53.1,allocate,36,0,1066,50,10.0
53.1,deallocate,58,1,1057,33,0.0
53.1,allocate,43,0,1064,67,10.0
53.1,deallocate,43,1,1058,67,0.0
54.2,allocate,9,5,80,316,30.0
54.8,allocate,54,3,619,60,5.0
54.8,allocate,49,3,624,156,5.0
54.8,allocate,85,3,623,90,5.0
54.8,allocate,86,3,622,68,5.0
54.8,allocate,78,3,621,42,5.0
54.8,deallocate,54,6,612,60,0.0
54.8,allocate,83,3,620,30,5.0
54.8,deallocate,49,6,617,156,0.0
54.8,deallocate,85,6,616,90,0.0
54.8,deallocate,86,6,615,68,0.0
54.8,deallocate,83,6,613,30,0.0
54.8,deallocate,98,6,611,81,0.0
54.8,deallocate,78,6,614,42,0.0
54.8,allocate,98,3,618,81,5.0
55.7,allocate,60,2,552,444,5.0
55.7,deallocate,21,1,97,245,0.0
55.7,allocate,18,2,546,70,5.0
55.7,deallocate,18,9,538,70,0.0
55.7,allocate,58,2,550,33,5.0
55.7,allocate,90,2,549,144,5.0
55.7,allocate,65,2,551,80,5.0
55.7,allocate,39,2,545,180,5.0
55.7,allocate,92,2,548,92,5.0
55.7,deallocate,90,9,541,144,0.0
55.7,allocate,91,2,547,50,5.0
55.7,deallocate,70,1,94,217,0.0
55.7,deallocate,60,9,544,444,0.0
55.7,deallocate,65,9,543,80,0.0
55.7,deallocate,91,9,539,50,0.0
55.7,deallocate,58,9,542,33,0.0
55.7,deallocate,92,9,540,92,0.0
55.7,deallocate,82,1,99,78,0.0
55.7,deallocate,31,1,98,402,0.0
55.7,deallocate,76,1,95,480,0.0
55.7,deallocate,18,1,96,70,0.0
55.7,deallocate,39,9,537,180,0.0
56.3,allocate,13,8,207,200,4.285714285714286
56.3,deallocate,87,5,201,236,0.0
56.3,allocate,5,8,210,56,4.285714285714286
56.3,allocate,56,8,209,260,4.285714285714286
56.3,deallocate,13,5,202,200,0.0
56.3,allocate,92,8,208,92,4.285714285714286
56.3,deallocate,56,5,204,260,0.0
56.3,allocate,87,8,206,236,4.285714285714286
56.3,deallocate,92,5,203,92,0.0
56.3,deallocate,5,5,205,56,0.0
58.0,deallocate,8,5,311,48,0.0
58.0,deallocate,46,5,313,292,0.0
58.0,deallocate,93,5,309,56,0.0
58.0,deallocate,99,5,312,24,0.0
58.0,deallocate,98,5,310,81,0.0
58.0,allocate,93,8,314,56,20.0
58.0,allocate,46,8,318,292,20.0
58.0,allocate,8,8,316,48,20.0
58.0,allocate,99,8,317,24,20.0
58.0,allocate,98,8,315,81,20.0
59.8,allocate,85,8,630,90,5.0
59.8,allocate,83,8,627,30,5.0
59.8,allocate,86,8,629,68,5.0
59.8,allocate,49,8,631,156,5.0
59.8,deallocate,85,3,623,90,0.0
59.8,deallocate,78,3,621,42,0.0
59.8,deallocate,86,3,622,68,0.0
59.8,deallocate,54,3,619,60,0.0
59.8,deallocate,98,3,618,81,0.0
59.8,deallocate,49,3,624,156,0.0
59.8,allocate,98,8,625,81,5.0
59.8,allocate,54,8,626,60,5.0
59.8,allocate,78,8,628,42,5.0
59.8,deallocate,83,3,620,30,0.0
60.4,deallocate,8,0,1046,48,0.0
60.4,allocate,15,1,1047,105,14.285714285714286
60.4,deallocate,15,0,1045,105,0.0
60.4,allocate,8,1,1048,48,14.285714285714286
60.6,allocate,92,6,213,92,4.285714285714286
60.6,allocate,5,6,215,56,4.285714285714286
60.6,allocate,56,6,214,260,4.285714285714286
60.6,allocate,13,6,212,200,4.285714285714286
60.6,allocate,87,6,211,236,4.285714285714286
60.6,deallocate,5,8,210,56,0.0
60.6,deallocate,56,8,209,260,0.0
60.6,deallocate,13,8,207,200,0.0
60.6,deallocate,87,8,206,236,0.0
60.6,deallocate,92,8,208,92,0.0
60.7,allocate,39,6,553,180,5.0
60.7,allocate,60,6,560,444,5.0
60.7,allocate,65,6,559,80,5.0
60.7,allocate,90,6,557,144,5.0
60.7,allocate,92,6,556,92,5.0
60.7,allocate,91,6,555,50,5.0
60.7,allocate,18,6,554,70,5.0
60.7,deallocate,58,2,550,33,0.0
60.7,deallocate,60,2,552,444,0.0
60.7,deallocate,39,2,545,180,0.0
60.7,deallocate,90,2,549,144,0.0
60.7,deallocate,92,2,548,92,0.0
60.7,deallocate,91,2,547,50,0.0
60.7,deallocate,18,2,546,70,0.0
60.7,deallocate,65,2,551,80,0.0
60.7,allocate,58,6,558,33,5.0
61.7,allocate,63,4,256,104,10.0
61.7,deallocate,62,2,253,102,0.0
61.7,allocate,62,4,255,102,10.0
61.7,deallocate,63,2,254,104,0.0
63.1,deallocate,36,0,1066,50,0.0
63.1,deallocate,2,0,1065,48,0.0
63.1,deallocate,43,0,1064,67,0.0
63.1,deallocate,58,0,1063,33,0.0
63.1,deallocate,18,0,1067,70,0.0
63.1,deallocate,41,0,1068,60,0.0
64.2,deallocate,76,1,722,480,0.0
64.2,allocate,76,2,723,480,11.666666666666666
64.6,allocate,54,7,777,60,4.0
64.6,allocate,2,7,782,48,4.0
64.6,allocate,27,7,781,38,4.0
64.6,allocate,55,7,780,132,4.0
64.6,allocate,36,7,776,50,4.0
64.6,allocate,99,7,778,24,4.0
64.6,allocate,14,7,775,96,4.0
64.6,allocate,61,7,774,84,4.0
64.6,allocate,28,7,779,114,4.0
64.8,deallocate,83,8,627,30,0.0
64.8,deallocate,98,8,625,81,0.0
64.8,deallocate,54,8,626,60,0.0
64.8,allocate,78,4,635,42,5.0
64.8,deallocate,78,8,628,42,0.0
64.8,deallocate,85,8,630,90,0.0
64.8,deallocate,49,8,631,156,0.0
64.8,allocate,54,4,633,60,5.0
64.8,allocate,83,4,634,30,5.0
64.8,allocate,86,4,636,68,5.0
64.8,allocate,85,4,637,90,5.0
64.8,allocate,49,4,638,156,5.0
64.8,deallocate,86,8,629,68,0.0
64.8,allocate,98,4,632,81,5.0
64.9,deallocate,87,6,211,236,0.0
64.9,deallocate,13,6,212,200,0.0
64.9,deallocate,92,6,213,92,0.0
64.9,deallocate,56,6,214,260,0.0
64.9,deallocate,5,6,215,56,0.0
65.7,allocate,91,3,563,50,5.0
65.7,allocate,92,3,564,92,5.0
65.7,allocate,90,3,565,144,5.0
65.7,allocate,65,3,567,80,5.0
65.7,allocate,18,3,562,70,5.0
65.7,allocate,60,3,568,444,5.0
65.7,deallocate,18,6,554,70,0.0
65.7,allocate,58,3,566,33,5.0
65.7,deallocate,65,6,559,80,0.0
65.7,deallocate,58,6,558,33,0.0
65.7,deallocate,90,6,557,144,0.0
65.7,deallocate,92,6,556,92,0.0
65.7,deallocate,39,6,553,180,0.0
65.7,allocate,39,3,561,180,5.0
65.7,deallocate,91,6,555,50,0.0
65.7,deallocate,60,6,560,444,0.0
68.6,deallocate,36,7,776,50,0.0
68.6,deallocate,54,7,777,60,0.0
68.6,deallocate,99,7,778,24,0.0
68.6,deallocate,61,7,774,84,0.0
68.6,deallocate,55,7,780,132,0.0
68.6,allocate,28,4,788,114,4.0
68.6,allocate,2,4,791,48,4.0
68.6,allocate,27,4,790,38,4.0
68.6,allocate,55,4,789,132,4.0
68.6,deallocate,27,7,781,38,0.0
68.6,allocate,99,4,787,24,4.0
68.6,allocate,36,4,785,50,4.0
68.6,allocate,14,4,784,96,4.0
68.6,allocate,61,4,783,84,4.0
68.6,deallocate,2,7,782,48,0.0
68.6,deallocate,14,7,775,96,0.0
68.6,allocate,54,4,786,60,4.0
68.6,deallocate,28,7,779,114,0.0
69,allocate,51,5,2167,1764.0,49
69.8,deallocate,54,4,633,60,0.0
69.8,deallocate,98,4,632,81,0.0
69.8,deallocate,49,4,638,156,0.0
69.8,deallocate,86,4,636,68,0.0
69.8,deallocate,83,4,634,30,0.0
69.8,deallocate,78,4,635,42,0.0
69.8,deallocate,85,4,637,90,0.0
70,allocate,40,8,2286,12831.0,47
70.7,deallocate,91,3,563,50,0.0
70.7,deallocate,39,3,561,180,0.0
70.7,deallocate,18,3,562,70,0.0
70.7,deallocate,60,3,568,444,0.0
70.7,deallocate,65,3,567,80,0.0
70.7,deallocate,58,3,566,33,0.0
70.7,deallocate,90,3,565,144,0.0
70.7,deallocate,92,3,564,92,0.0
71,allocate,99,1,2289,1056.0,44
71.6,deallocate,24,8,6,450,0.0
71.6,allocate,0,2,9,450,30.0
71.6,allocate,8,2,8,48,30.0
71.6,deallocate,65,8,4,80,0.0
71.6,deallocate,2,8,3,48,0.0
71.6,deallocate,77,8,7,20,0.0
71.6,allocate,77,2,15,20,30.0
71.6,deallocate,49,8,5,156,0.0
71.6,allocate,49,2,13,156,30.0
71.6,allocate,65,2,12,80,30.0
71.6,allocate,2,2,11,48,30.0
71.6,allocate,89,2,10,273,30.0
71.6,allocate,24,2,14,450,30.0
71.6,deallocate,8,8,0,48,0.0
71.6,deallocate,89,8,2,273,0.0
71.6,deallocate,0,8,1,450,0.0
71.7,deallocate,62,4,255,102,0.0
71.7,deallocate,63,4,256,104,0.0
71.7,allocate,63,7,258,104,10.0
71.7,allocate,62,7,257,102,10.0
72,allocate,91,1,2187,1600.0,32
72,allocate,39,1,2359,7560.0,42
72.0,allocate,24,4,266,450,1.25
72.0,allocate,80,4,261,20,1.25
72.0,allocate,20,4,262,11,1.25
72.0,allocate,56,4,263,260,1.25
72.0,allocate,92,4,264,92,1.25
72.0,allocate,66,4,265,132,1.25
72.6,deallocate,28,4,788,114,0.0
72.6,allocate,54,1,795,60,4.0
72.6,allocate,61,1,792,84,4.0
72.6,deallocate,36,4,785,50,0.0
72.6,deallocate,99,4,787,24,0.0
72.6,deallocate,55,4,789,132,0.0
72.6,deallocate,14,4,784,96,0.0
72.6,deallocate,2,4,791,48,0.0
72.6,allocate,36,1,794,50,4.0
72.6,allocate,14,1,793,96,4.0
72.6,allocate,99,1,796,24,4.0
72.6,allocate,2,1,800,48,4.0
72.6,deallocate,61,4,783,84,0.0
72.6,allocate,27,1,799,38,4.0
72.6,allocate,55,1,798,132,4.0
72.6,allocate,28,1,797,114,4.0
72.6,deallocate,54,4,786,60,0.0
72.6,deallocate,27,4,790,38,0.0
73,allocate,33,1,2232,1380.0,46
73,allocate,33,4,2221,1470.0,49
73.2,deallocate,20,4,262,11,0.0
73.2,deallocate,92,4,264,92,0.0
73.2,deallocate,24,4,266,450,0.0
73.2,deallocate,80,4,261,20,0.0
73.2,allocate,56,2,269,260,1.25
73.2,allocate,66,2,271,132,1.25
73.2,allocate,92,2,270,92,1.25
73.2,allocate,24,2,272,450,1.25
73.2,allocate,20,2,268,11,1.25
73.2,deallocate,56,4,263,260,0.0
73.2,deallocate,66,4,265,132,0.0
73.2,allocate,80,2,267,20,1.25
74,allocate,87,5,2247,8024.0,34
74.5,allocate,24,9,278,450,1.25
74.5,allocate,56,9,275,260,1.25
74.5,deallocate,20,2,268,11,0.0
74.5,allocate,80,9,273,20,1.25
74.5,deallocate,24,2,272,450,0.0
74.5,deallocate,80,2,267,20,0.0
74.5,deallocate,56,2,269,260,0.0
74.5,deallocate,92,2,270,92,0.0
74.5,deallocate,66,2,271,132,0.0
74.5,allocate,20,9,274,11,1.25
74.5,allocate,66,9,277,132,1.25
74.5,allocate,92,9,276,92,1.25
74.7,allocate,8,7,1050,48,14.285714285714286
74.7,deallocate,15,1,1047,105,0.0
74.7,deallocate,8,1,1048,48,0.0
74.7,allocate,15,7,1049,105,14.285714285714286
75,allocate,38,0,2143,3861.0,33
75,allocate,0,3,2172,20700.0,46
75.8,deallocate,76,2,723,480,0.0
75.8,allocate,76,4,724,480,11.666666666666666
75.8,deallocate,66,9,277,132,0.0
75.8,allocate,66,1,283,132,1.25
75.8,allocate,92,1,282,92,1.25
75.8,allocate,56,1,281,260,1.25
75.8,allocate,20,1,280,11,1.25
75.8,allocate,80,1,279,20,1.25
75.8,deallocate,24,9,278,450,0.0
75.8,deallocate,92,9,276,92,0.0
75.8,deallocate,56,9,275,260,0.0
75.8,deallocate,20,9,274,11,0.0
75.8,deallocate,80,9,273,20,0.0
75.8,allocate,24,1,284,450,1.25
76,allocate,42,3,2368,3332.0,49
76.6,allocate,28,0,806,114,4.0
76.6,allocate,55,0,807,132,4.0
76.6,allocate,14,0,802,96,4.0
76.6,allocate,99,0,805,24,4.0
76.6,allocate,2,0,809,48,4.0
76.6,deallocate,36,1,794,50,0.0
76.6,allocate,36,0,803,50,4.0
76.6,deallocate,61,1,792,84,0.0
76.6,deallocate,14,1,793,96,0.0
76.6,deallocate,54,1,795,60,0.0
76.6,deallocate,99,1,796,24,0.0
76.6,deallocate,28,1,797,114,0.0
76.6,deallocate,55,1,798,132,0.0
76.6,deallocate,2,1,800,48,0.0
76.6,allocate,27,0,808,38,4.0
76.6,allocate,54,0,804,60,4.0
76.6,allocate,61,0,801,84,4.0
76.6,deallocate,27,1,799,38,0.0
77.0,deallocate,20,1,280,11,0.0
77.0,allocate,24,6,290,450,1.25
77.0,allocate,66,6,289,132,1.25
77.0,allocate,92,6,288,92,1.25
77.0,deallocate,92,1,282,92,0.0
77.0,allocate,56,6,287,260,1.25
77.0,allocate,20,6,286,11,1.25
77.0,allocate,80,6,285,20,1.25
77.0,deallocate,24,1,284,450,0.0
77,allocate,80,9,2242,740.0,37
77.0,deallocate,66,1,283,132,0.0
77.0,deallocate,80,1,279,20,0.0
77.0,deallocate,56,1,281,260,0.0
78.0,deallocate,93,8,314,56,0.0
78.0,deallocate,98,8,315,81,0.0
78.0,deallocate,8,8,316,48,0.0
78.0,deallocate,99,8,317,24,0.0
78.0,deallocate,46,8,318,292,0.0
78,allocate,12,0,2346,1040.0,40
78,allocate,55,7,2186,6468.0,49
78.2,allocate,24,5,296,450,1.25
78.2,allocate,20,5,292,11,1.25
78.2,allocate,56,5,293,260,1.25
78.2,allocate,66,5,295,132,1.25
78.2,deallocate,92,6,288,92,0.0
78.2,deallocate,24,6,290,450,0.0
78.2,allocate,80,5,291,20,1.25
78.2,deallocate,20,6,286,11,0.0
78.2,deallocate,56,6,287,260,0.0
78.2,deallocate,66,6,289,132,0.0
78.2,allocate,92,5,294,92,1.25
78.2,deallocate,80,6,285,20,0.0
78.5,allocate,47,6,161,132,10.0
78.5,allocate,91,6,160,50,10.0
79.5,deallocate,66,5,295,132,0.0
79.5,allocate,80,3,297,20,1.25
79.5,deallocate,80,5,291,20,0.0
79.5,allocate,92,3,300,92,1.25
79.5,deallocate,20,5,292,11,0.0
79.5,allocate,24,3,302,450,1.25
79.5,allocate,66,3,301,132,1.25
79.5,allocate,56,3,299,260,1.25
79.5,allocate,20,3,298,11,1.25
79.5,deallocate,56,5,293,260,0.0
79.5,deallocate,24,5,296,450,0.0
79.5,deallocate,92,5,294,92,0.0
80,allocate,79,0,2343,11200.0,40
80.5,allocate,70,8,156,217,10.0
80.5,allocate,84,8,158,28,10.0
80.5,allocate,79,8,159,280,10.0
80.5,allocate,68,8,155,120,10.0
80.5,allocate,35,8,157,195,10.0
80.6,deallocate,2,0,809,48,0.0
80.6,allocate,55,5,816,132,4.0
80.6,deallocate,99,0,805,24,0.0
80.6,allocate,14,5,811,96,4.0
80.6,allocate,28,5,815,114,4.0
80.6,allocate,36,5,812,50,4.0
80.6,allocate,54,5,813,60,4.0
80.6,allocate,99,5,814,24,4.0
80.6,deallocate,36,0,803,50,0.0
80.6,allocate,2,5,818,48,4.0
80.6,deallocate,55,0,807,132,0.0
80.6,deallocate,61,0,801,84,0.0
80.6,deallocate,14,0,802,96,0.0
80.6,deallocate,27,0,808,38,0.0
80.6,deallocate,54,0,804,60,0.0
80.6,deallocate,28,0,806,114,0.0
80.6,allocate,27,5,817,38,4.0
80.6,allocate,61,5,810,84,4.0
80.8,allocate,56,0,305,260,1.25
80.8,deallocate,56,3,299,260,0.0
80.8,deallocate,20,3,298,11,0.0
80.8,deallocate,92,3,300,92,0.0
80.8,deallocate,66,3,301,132,0.0
80.8,deallocate,80,3,297,20,0.0
80.8,allocate,24,0,308,450,1.25
80.8,allocate,66,0,307,132,1.25
80.8,allocate,92,0,306,92,1.25
80.8,deallocate,24,3,302,450,0.0
80.8,allocate,20,0,304,11,1.25
80.8,allocate,80,0,303,20,1.25
81.4,allocate,78,5,392,42,4.285714285714286
81.4,allocate,30,5,389,40,4.285714285714286
81.4,allocate,86,5,393,68,4.285714285714286
81.4,allocate,43,5,395,67,4.285714285714286
81.4,allocate,68,5,390,120,4.285714285714286
81.4,allocate,14,5,391,96,4.285714285714286
81.4,allocate,83,5,394,30,4.285714285714286
81.5,deallocate,44,3,171,171,0.0
81.5,deallocate,18,3,175,70,0.0
81.5,deallocate,62,3,173,102,0.0
81.5,deallocate,40,3,172,273,0.0
81.5,deallocate,13,3,174,200,0.0
81.5,allocate,18,9,180,70,33.333333333333336
81.5,allocate,13,9,179,200,33.333333333333336
81.5,allocate,62,9,178,102,33.333333333333336
81.5,allocate,40,9,177,273,33.333333333333336
81.5,allocate,44,9,176,171,33.333333333333336
81.7,allocate,62,6,259,102,10.0
81.7,deallocate,63,7,258,104,0.0
81.7,deallocate,62,7,257,102,0.0
81.7,allocate,63,6,260,104,10.0
82.0,deallocate,56,0,305,260,0.0
82.0,deallocate,20,0,304,11,0.0
82.0,deallocate,80,0,303,20,0.0
82.0,deallocate,24,0,308,450,0.0
82.0,deallocate,66,0,307,132,0.0
82.0,deallocate,92,0,306,92,0.0
83,allocate,85,2,2190,2700.0,30
83,allocate,23,6,2265,14850.0,45
83,allocate,27,9,2173,1520.0,40
84.2,deallocate,9,5,80,316,0.0
84.2,allocate,9,9,81,316,30.0
84.6,deallocate,36,5,812,50,0.0
84.6,deallocate,28,5,815,114,0.0
84.6,deallocate,61,5,810,84,0.0
84.6,deallocate,54,5,813,60,0.0
84.6,deallocate,27,5,817,38,0.0
84.6,deallocate,2,5,818,48,0.0
84.6,deallocate,55,5,816,132,0.0
84.6,deallocate,99,5,814,24,0.0
84.6,deallocate,14,5,811,96,0.0
85,allocate,20,3,2271,418.0,38
85,allocate,37,5,2258,3840.0,48
85.7,allocate,68,2,397,120,4.285714285714286
85.7,allocate,30,2,396,40,4.285714285714286
85.7,deallocate,78,5,392,42,0.0
85.7,allocate,14,2,398,96,4.285714285714286
85.7,allocate,78,2,399,42,4.285714285714286
85.7,allocate,86,2,400,68,4.285714285714286
85.7,allocate,83,2,401,30,4.285714285714286
85.7,deallocate,43,5,395,67,0.0
85.7,allocate,43,2,402,67,4.285714285714286
85.7,deallocate,83,5,394,30,0.0
85.7,deallocate,30,5,389,40,0.0
85.7,deallocate,86,5,393,68,0.0
85.7,deallocate,14,5,391,96,0.0
85.7,deallocate,68,5,390,120,0.0
86,allocate,92,0,2318,3128.0,34
87,allocate,98,5,2248,3645.0,45
87.5,deallocate,76,4,724,480,0.0
87.7,allocate,77,0,956,20,20.0
87.7,allocate,79,0,955,280,20.0
87.7,allocate,83,0,954,30,20.0
87.7,allocate,17,0,959,36,20.0
87.7,allocate,51,0,958,36,20.0
87.7,allocate,38,0,953,117,20.0
87.7,allocate,85,0,957,90,20.0
88.5,allocate,47,0,163,132,10.0
88.5,allocate,91,0,162,50,10.0
88.5,deallocate,91,6,160,50,0.0
88.5,deallocate,47,6,161,132,0.0
88.9,deallocate,15,7,1049,105,0.0
88.9,allocate,8,4,1052,48,14.285714285714286
88.9,deallocate,8,7,1050,48,0.0
88.9,allocate,15,4,1051,105,14.285714285714286
89,allocate,41,7,2262,2220.0,37
89,allocate,94,7,2182,1344.0,32
89.9,deallocate,83,2,401,30,0.0
89.9,allocate,78,4,406,42,4.285714285714286
89.9,deallocate,68,2,397,120,0.0
89.9,deallocate,14,2,398,96,0.0
89.9,deallocate,30,2,396,40,0.0
89.9,deallocate,78,2,399,42,0.0
89.9,allocate,43,4,409,67,4.285714285714286
89.9,allocate,86,4,407,68,4.285714285714286
89.9,allocate,83,4,408,30,4.285714285714286
89.9,allocate,68,4,404,120,4.285714285714286
89.9,deallocate,86,2,400,68,0.0
89.9,deallocate,43,2,402,67,0.0
89.9,allocate,30,4,403,40,4.285714285714286
89.9,allocate,14,4,405,96,4.285714285714286
90,allocate,4,3,2285,2992.0,34
90.5,deallocate,70,8,156,217,0.0
90.5,deallocate,68,8,155,120,0.0
90.5,deallocate,79,8,159,280,0.0
90.5,deallocate,35,8,157,195,0.0
90.5,deallocate,84,8,158,28,0.0
91.7,deallocate,63,6,260,104,0.0
91.7,deallocate,62,6,259,102,0.0
92,allocate,61,5,2323,3108.0,37
92,allocate,87,1,2208,9204.0,39
92,allocate,65,1,2164,3120.0,39
93,allocate,51,1,2378,36.0,1
93,allocate,71,4,2375,720.0,40
94,deallocate,51,1,2378,36.0,0
94,allocate,1,4,2261,4100.0,41
94.2,allocate,30,9,410,40,4.285714285714286
94.2,allocate,43,9,416,67,4.285714285714286
94.2,allocate,83,9,415,30,4.285714285714286
94.2,deallocate,30,4,403,40,0.0
94.2,deallocate,14,4,405,96,0.0
94.2,deallocate,43,4,409,67,0.0
94.2,allocate,68,9,411,120,4.285714285714286
94.2,deallocate,83,4,408,30,0.0
94.2,allocate,86,9,414,68,4.285714285714286
94.2,deallocate,78,4,406,42,0.0
94.2,allocate,14,9,412,96,4.285714285714286
94.2,allocate,78,9,413,42,4.285714285714286
94.2,deallocate,68,4,404,120,0.0
94.2,deallocate,86,4,407,68,0.0
96,allocate,18,7,2275,3290.0,47
96,allocate,41,6,2282,2400.0,40
96,allocate,48,9,2369,4752.0,44
96,allocate,28,2,2357,5358.0,47
96.6,allocate,71,5,488,18,8.88888888888889
96.6,allocate,89,5,487,273,8.88888888888889
97,allocate,44,9,2354,8208.0,48
97,allocate,53,9,2379,147.0,1
98,deallocate,53,9,2379,147.0,0
98.5,deallocate,91,0,162,50,0.0
98.5,deallocate,78,9,413,42,0.0
98.5,deallocate,68,9,411,120,0.0
98.5,deallocate,30,9,410,40,0.0
98.5,allocate,43,8,423,67,4.285714285714286
98.5,allocate,47,2,165,132,10.0
98.5,allocate,91,2,164,50,10.0
98.5,deallocate,47,0,163,132,0.0
98.5,allocate,83,8,422,30,4.285714285714286
98.5,allocate,14,8,419,96,4.285714285714286
98.5,deallocate,14,9,412,96,0.0
98.5,allocate,78,8,420,42,4.285714285714286
98.5,allocate,68,8,418,120,4.285714285714286
98.5,allocate,30,8,417,40,4.285714285714286
98.5,deallocate,43,9,416,67,0.0
98.5,deallocate,83,9,415,30,0.0
98.5,deallocate,86,9,414,68,0.0
98.5,allocate,86,8,421,68,4.285714285714286
100,allocate,58,6,2362,1452.0,44
100,allocate,39,2,2158,6660.0,37
101,allocate,63,4,2313,3120.0,30
101.2,allocate,88,5,980,30,6.0
101.2,allocate,12,5,981,26,6.0
101.2,allocate,21,5,982,245,6.0
101.6,allocate,24,1,22,450,30.0
101.6,allocate,49,1,21,156,30.0
101.6,allocate,65,1,20,80,30.0
101.6,allocate,2,1,19,48,30.0
101.6,allocate,8,1,16,48,30.0
101.6,allocate,89,1,18,273,30.0
101.6,allocate,0,1,17,450,30.0
101.6,deallocate,49,2,13,156,0.0
101.6,deallocate,0,2,9,450,0.0
101.6,deallocate,89,2,10,273,0.0
101.6,deallocate,77,2,15,20,0.0
101.6,deallocate,24,2,14,450,0.0
101.6,deallocate,65,2,12,80,0.0
101.6,deallocate,8,2,8,48,0.0
101.6,allocate,77,1,23,20,30.0
101.6,deallocate,2,2,11,48,0.0
102.8,deallocate,86,8,421,68,0.0
102.8,allocate,83,6,429,30,4.285714285714286
102.8,deallocate,83,8,422,30,0.0
102.8,deallocate,78,8,420,42,0.0
102.8,allocate,14,6,426,96,4.285714285714286
102.8,allocate,43,6,430,67,4.285714285714286
102.8,deallocate,30,8,417,40,0.0
102.8,allocate,30,6,424,40,4.285714285714286
102.8,allocate,68,6,425,120,4.285714285714286
102.8,allocate,78,6,427,42,4.285714285714286
102.8,deallocate,43,8,423,67,0.0
102.8,allocate,86,6,428,68,4.285714285714286
102.8,deallocate,14,8,419,96,0.0
102.8,deallocate,68,8,418,120,0.0
103,allocate,44,1,2296,7011.0,41
103,allocate,26,4,2202,5733.0,39
103,allocate,73,5,2341,18800.0,47
103.2,deallocate,8,4,1052,48,0.0
103.2,allocate,8,3,1054,48,14.285714285714286
103.2,deallocate,15,4,1051,105,0.0
103.2,allocate,15,3,1053,105,14.285714285714286
104,allocate,30,2,2333,1520.0,38
104,deallocate,91,1,2187,1600.0,0
104,allocate,47,1,2240,5412.0,41
104,allocate,11,6,2340,23226.0,42
105,allocate,83,3,2236,1020.0,34
105,allocate,28,6,2350,4446.0,39
105.5,deallocate,89,5,487,273,0.0
105.5,deallocate,71,5,488,18,0.0
105.5,allocate,89,1,489,273,8.88888888888889
105.5,allocate,71,1,490,18,8.88888888888889
106,allocate,5,3,2256,2744.0,49
107,allocate,12,3,2302,988.0,38
107,allocate,2,0,2184,1584.0,33
107,allocate,62,1,2259,4488.0,44
107.1,allocate,78,7,434,42,4.285714285714286
107.1,deallocate,86,6,428,68,0.0
107.1,deallocate,30,6,424,40,0.0
107.1,deallocate,68,6,425,120,0.0
107.1,deallocate,78,6,427,42,0.0
107.1,deallocate,14,6,426,96,0.0
107.1,allocate,14,7,433,96,4.285714285714286
107.1,allocate,68,7,432,120,4.285714285714286
107.1,allocate,30,7,431,40,4.285714285714286
107.1,allocate,43,7,437,67,4.285714285714286
107.1,allocate,83,7,436,30,4.285714285714286
107.1,allocate,86,7,435,68,4.285714285714286
107.1,deallocate,83,6,429,30,0.0
107.1,deallocate,43,6,430,67,0.0
107.2,allocate,12,0,984,26,6.0
107.2,allocate,88,0,983,30,6.0
107.2,deallocate,21,5,982,245,0.0
107.2,deallocate,88,5,980,30,0.0
107.2,allocate,21,0,985,245,6.0
107.2,deallocate,12,5,981,26,0.0
107.7,deallocate,17,0,959,36,0.0
107.7,deallocate,85,0,957,90,0.0
107.7,deallocate,38,0,953,117,0.0
107.7,deallocate,83,0,954,30,0.0
107.7,deallocate,51,0,958,36,0.0
107.7,deallocate,79,0,955,280,0.0
107.7,deallocate,77,0,956,20,0.0
108,deallocate,38,0,2143,3861.0,0
108,deallocate,87,5,2247,8024.0,0
108.5,deallocate,47,2,165,132,0.0
108.5,deallocate,91,2,164,50,0.0
110,allocate,82,5,2246,3354.0,43
111,allocate,63,6,2239,3848.0,37
111.4,deallocate,86,7,435,68,0.0
111.4,deallocate,83,7,436,30,0.0
111.4,deallocate,78,7,434,42,0.0
111.4,deallocate,43,7,437,67,0.0
111.4,deallocate,14,7,433,96,0.0
111.4,deallocate,30,7,431,40,0.0
111.4,deallocate,68,7,432,120,0.0
111.8,allocate,32,3,102,50,10.0
111.8,allocate,44,3,100,171,10.0
111.8,allocate,23,3,103,330,10.0
111.8,allocate,63,3,104,104,10.0
111.8,allocate,99,3,101,24,10.0
113,allocate,45,1,2226,360.0,30
113,allocate,22,8,2195,6960.0,40
113,deallocate,85,2,2190,2700.0,0
113.2,allocate,88,8,986,30,6.0
113.2,deallocate,21,0,985,245,0.0
113.2,allocate,12,8,987,26,6.0
113.2,allocate,21,8,988,245,6.0
113.2,deallocate,88,0,983,30,0.0
113.2,deallocate,12,0,984,26,0.0
114,allocate,30,3,2222,1320.0,33
114,allocate,95,6,2306,705.0,47
114,deallocate,39,1,2359,7560.0,0
114,deallocate,80,9,2242,740.0,0
114.2,allocate,9,1,82,316,30.0
114.2,deallocate,9,9,81,316,0.0
114.4,allocate,71,2,492,18,8.88888888888889
114.4,deallocate,89,1,489,273,0.0
114.4,deallocate,71,1,490,18,0.0
114.4,allocate,89,2,491,273,8.88888888888889
114.8,deallocate,40,9,177,273,0.0
114.8,deallocate,44,9,176,171,0.0
114.8,deallocate,62,9,178,102,0.0
114.8,deallocate,13,9,179,200,0.0
114.8,deallocate,18,9,180,70,0.0
115,deallocate,99,1,2289,1056.0,0
116.7,allocate,91,9,827,50,10.0
116.7,allocate,14,9,828,96,10.0
116.7,allocate,41,9,826,60,10.0
116.7,allocate,47,9,825,132,10.0
117,allocate,35,3,2314,8190.0,42
117,deallocate,40,8,2286,12831.0,0
117.5,deallocate,8,3,1054,48,0.0
117.5,deallocate,15,3,1053,105,0.0
117.5,allocate,8,2,1056,48,14.285714285714286
117.5,allocate,15,2,1055,105,14.285714285714286
118,deallocate,12,0,2346,1040.0,0
118,allocate,95,3,2220,525.0,35
118,allocate,33,1,2295,1200.0,40
118,deallocate,51,5,2167,1764.0,0
119,allocate,32,8,2366,2150.0,43
119,deallocate,33,1,2232,1380.0,0
119.2,deallocate,88,8,986,30,0.0
119.2,deallocate,21,8,988,245,0.0
119.2,allocate,88,1,989,30,6.0
119.2,allocate,21,1,991,245,6.0
119.2,deallocate,12,8,987,26,0.0
119.2,allocate,12,1,990,26,6.0
120,deallocate,92,0,2318,3128.0,0
120,deallocate,79,0,2343,11200.0,0
121,allocate,98,9,2322,2511.0,31
121,deallocate,0,3,2172,20700.0,0
121,deallocate,94,7,2182,1344.0,0
121.8,allocate,99,9,106,24,10.0
121.8,allocate,32,9,107,50,10.0
121.8,allocate,63,9,109,104,10.0
121.8,deallocate,63,3,104,104,0.0
121.8,allocate,72,7,960,300,5.0
121.8,allocate,68,7,961,120,5.0
121.8,deallocate,32,3,102,50,0.0
121.8,allocate,44,9,105,171,10.0
121.8,allocate,23,9,108,330,10.0
121.8,deallocate,23,3,103,330,0.0
121.8,deallocate,44,3,100,171,0.0
121.8,deallocate,99,3,101,24,0.0
122,allocate,32,7,2264,2150.0,43
122,allocate,76,1,2308,17760.0,37
122,deallocate,33,4,2221,1470.0,0
122,allocate,24,7,2270,14850.0,33
123,allocate,53,4,2316,5439.0,37
123,deallocate,20,3,2271,418.0,0
123,deallocate,27,9,2173,1520.0,0
123.3,deallocate,89,2,491,273,0.0
123.3,allocate,71,9,494,18,8.88888888888889
123.3,allocate,89,9,493,273,8.88888888888889
123.3,deallocate,71,2,492,18,0.0
124,deallocate,4,3,2285,2992.0,0
125,allocate,73,9,2156,18800.0,47
125,allocate,8,3,2223,2160.0,45
125,deallocate,42,3,2368,3332.0,0
125.2,deallocate,21,1,991,245,0.0
125.2,deallocate,88,1,989,30,0.0
125.2,allocate,88,2,992,30,6.0
125.2,allocate,12,2,993,26,6.0
125.2,allocate,21,2,994,245,6.0
125.2,deallocate,12,1,990,26,0.0
126,allocate,6,8,2255,3255.0,31
126,allocate,91,5,2163,1600.0,32
126,deallocate,41,7,2262,2220.0,0
126.7,allocate,41,4,830,60,10.0
126.7,deallocate,41,9,826,60,0.0
126.7,deallocate,91,9,827,50,0.0
126.7,deallocate,14,9,828,96,0.0
126.7,allocate,47,4,829,132,10.0
126.7,allocate,14,4,832,96,10.0
126.7,deallocate,47,9,825,132,0.0
126.7,allocate,91,4,831,50,10.0
126.8,deallocate,72,7,960,300,0.0
126.8,deallocate,68,7,961,120,0.0
126.8,allocate,72,2,962,300,5.0
126.8,allocate,68,2,963,120,5.0
127,deallocate,55,7,2186,6468.0,0
127.1,allocate,45,4,643,12,6.0
127.1,allocate,53,4,642,147,6.0
127.1,allocate,48,4,644,108,6.0
127.1,allocate,50,4,640,37,6.0
127.1,allocate,71,4,645,18,6.0
127.1,allocate,79,4,646,280,6.0
127.1,allocate,77,4,641,20,6.0
127.1,allocate,95,4,639,15,6.0
128,allocate,83,3,2280,1350.0,45
128,deallocate,23,6,2265,14850.0,0
129,deallocate,61,5,2323,3108.0,0
130,allocate,65,2,2376,3600.0,45
131,deallocate,65,1,2164,3120.0,0
131,allocate,28,2,2162,5472.0,48
131,allocate,0,5,2205,18000.0,40
131,deallocate,87,1,2208,9204.0,0
131,allocate,39,6,2300,6120.0,34
131,allocate,14,9,2263,3552.0,37
131,deallocate,63,4,2313,3120.0,0
131.2,deallocate,21,2,994,245,0.0
131.2,deallocate,12,2,993,26,0.0
131.2,deallocate,88,2,992,30,0.0
131.6,allocate,65,3,28,80,30.0
131.6,allocate,49,3,29,156,30.0
131.6,allocate,24,3,30,450,30.0
131.6,allocate,77,3,31,20,30.0
131.6,allocate,89,3,26,273,30.0
131.6,allocate,8,3,24,48,30.0
131.6,allocate,2,3,27,48,30.0
131.6,allocate,0,3,25,450,30.0
131.6,deallocate,2,1,19,48,0.0
131.6,deallocate,89,1,18,273,0.0
131.6,deallocate,0,1,17,450,0.0
131.6,deallocate,65,1,20,80,0.0
131.6,deallocate,49,1,21,156,0.0
131.6,deallocate,24,1,22,450,0.0
131.6,deallocate,77,1,23,20,0.0
131.6,deallocate,8,1,16,48,0.0
131.8,deallocate,32,9,107,50,0.0
131.8,allocate,72,8,964,300,5.0
131.8,allocate,23,2,113,330,10.0
131.8,allocate,99,2,111,24,10.0
131.8,allocate,44,2,110,171,10.0
131.8,deallocate,63,9,109,104,0.0
131.8,deallocate,23,9,108,330,0.0
131.8,deallocate,99,9,106,24,0.0
131.8,deallocate,44,9,105,171,0.0
131.8,allocate,63,2,114,104,10.0
131.8,deallocate,72,2,962,300,0.0
131.8,deallocate,68,2,963,120,0.0
131.8,allocate,68,8,965,120,5.0
131.8,allocate,32,2,112,50,10.0
131.8,deallocate,15,2,1055,105,0.0
131.8,deallocate,8,2,1056,48,0.0
132,deallocate,98,5,2248,3645.0,0
132.2,allocate,71,0,496,18,8.88888888888889
132.2,allocate,89,0,495,273,8.88888888888889
132.2,deallocate,71,9,494,18,0.0
132.2,deallocate,89,9,493,273,0.0
133,deallocate,37,5,2258,3840.0,0
133,allocate,93,6,2153,1904.0,34
133,deallocate,71,4,2375,720.0,0
133.1,deallocate,95,4,639,15,0.0
133.1,deallocate,48,4,644,108,0.0
133.1,allocate,77,0,649,20,6.0
133.1,deallocate,77,4,641,20,0.0
133.1,allocate,79,0,654,280,6.0
133.1,allocate,71,0,653,18,6.0
133.1,allocate,48,0,652,108,6.0
133.1,allocate,53,0,650,147,6.0
133.1,deallocate,50,4,640,37,0.0
133.1,allocate,50,0,648,37,6.0
133.1,deallocate,71,4,645,18,0.0
133.1,allocate,45,0,651,12,6.0
133.1,allocate,95,0,647,15,6.0
133.1,deallocate,79,4,646,280,0.0
133.1,deallocate,45,4,643,12,0.0
133.1,deallocate,53,4,642,147,0.0
134,allocate,48,1,2370,3780.0,35
134,allocate,58,9,2244,1518.0,46
134,allocate,79,9,2288,12040.0,43
135,deallocate,1,4,2261,4100.0,0
135,allocate,7,8,2304,1890.0,30
136,deallocate,41,6,2282,2400.0,0
136,allocate,17,2,2219,1764.0,49
136.7,deallocate,41,4,830,60,0.0
136.7,deallocate,47,4,829,132,0.0
136.7,deallocate,14,4,832,96,0.0
136.7,deallocate,91,4,831,50,0.0
136.8,deallocate,72,8,964,300,0.0
136.8,allocate,72,0,966,300,5.0
136.8,deallocate,68,8,965,120,0.0
136.8,allocate,68,0,967,120,5.0
137,deallocate,39,2,2158,6660.0,0
137,allocate,13,0,2374,8600.0,43
138,allocate,92,0,2201,4324.0,47
138,allocate,73,0,2243,16000.0,40
138,allocate,20,7,2298,462.0,42
139,deallocate,83,3,2236,1020.0,0
139,allocate,4,0,2177,2904.0,33
139,allocate,62,9,2284,4182.0,41
139,allocate,68,6,2324,4680.0,39
139,allocate,68,6,2170,4080.0,34
139.1,deallocate,48,0,652,108,0.0
139.1,deallocate,45,0,651,12,0.0
139.1,allocate,77,6,657,20,6.0
139.1,allocate,50,6,656,37,6.0
139.1,allocate,95,6,655,15,6.0
139.1,deallocate,79,0,654,280,0.0
139.1,deallocate,71,0,653,18,0.0
139.1,deallocate,53,0,650,147,0.0
139.1,deallocate,77,0,649,20,0.0
139.1,allocate,45,6,659,12,6.0
139.1,deallocate,95,0,647,15,0.0
139.1,allocate,48,6,660,108,6.0
139.1,allocate,71,6,661,18,6.0
139.1,allocate,79,6,662,280,6.0
139.1,allocate,53,6,658,147,6.0
139.1,deallocate,50,0,648,37,0.0
140,allocate,94,3,2188,1470.0,35
140,deallocate,48,9,2369,4752.0,0
140,allocate,77,9,2140,980.0,49
140,deallocate,2,0,2184,1584.0,0
141.0,deallocate,89,0,495,273,0.0
141.0,allocate,89,8,497,273,8.88888888888889
141.0,allocate,71,8,498,18,8.88888888888889
141.0,deallocate,71,0,496,18,0.0
141.8,allocate,72,9,968,300,5.0
141.8,deallocate,72,0,966,300,0.0
141.8,deallocate,68,0,967,120,0.0
141.8,allocate,32,7,117,50,10.0
141.8,allocate,68,5,995,120,8.333333333333334
141.8,allocate,23,7,118,330,10.0
141.8,allocate,99,7,116,24,10.0
141.8,deallocate,99,2,111,24,0.0
141.8,deallocate,63,2,114,104,0.0
141.8,allocate,44,7,115,171,10.0
141.8,allocate,63,7,119,104,10.0
141.8,allocate,68,9,969,120,5.0
141.8,allocate,39,5,996,180,8.333333333333334
141.8,deallocate,44,2,110,171,0.0
141.8,allocate,7,5,999,63,8.333333333333334
141.8,allocate,84,5,998,28,8.333333333333334
141.8,deallocate,32,2,112,50,0.0
141.8,deallocate,23,2,113,330,0.0
141.8,allocate,51,5,997,36,8.333333333333334
142,deallocate,26,4,2202,5733.0,0
142,deallocate,30,2,2333,1520.0,0
143,allocate,40,9,2356,11466.0,42
143,allocate,24,5,2209,17100.0,38
143,deallocate,45,1,2226,360.0,0
143,deallocate,28,2,2357,5358.0,0
143,deallocate,18,7,2275,3290.0,0
144,deallocate,58,6,2362,1452.0,0
144,deallocate,44,1,2296,7011.0,0
144,allocate,72,4,2348,13500.0,45
144,deallocate,28,6,2350,4446.0,0
144,allocate,76,3,2290,15840.0,33
144.2,deallocate,9,1,82,316,0.0
144.2,allocate,9,4,83,316,30.0
145,deallocate,47,1,2240,5412.0,0
145,deallocate,12,3,2302,988.0,0
145,deallocate,44,9,2354,8208.0,0
145.1,allocate,45,2,667,12,6.0
145.1,allocate,50,2,664,37,6.0
145.1,allocate,95,2,663,15,6.0
145.1,allocate,48,2,668,108,6.0
145.1,allocate,71,2,669,18,6.0
145.1,allocate,79,2,670,280,6.0
145.1,deallocate,95,6,655,15,0.0
145.1,allocate,53,2,666,147,6.0
145.1,deallocate,79,6,662,280,0.0
145.1,deallocate,71,6,661,18,0.0
145.1,allocate,77,2,665,20,6.0
145.1,deallocate,45,6,659,12,0.0
145.1,deallocate,53,6,658,147,0.0
145.1,deallocate,77,6,657,20,0.0
145.1,deallocate,50,6,656,37,0.0
145.1,deallocate,48,6,660,108,0.0
146,deallocate,11,6,2340,23226.0,0
146.8,deallocate,72,9,968,300,0.0
146.8,deallocate,68,9,969,120,0.0
146.8,allocate,68,1,971,120,5.0
146.8,allocate,72,1,970,300,5.0
147,deallocate,30,3,2222,1320.0,0
148,deallocate,63,6,2239,3848.0,0
148,allocate,84,9,2325,840.0,30
149,allocate,26,8,2267,7056.0,48
149.9,allocate,71,4,500,18,8.88888888888889
149.9,allocate,89,4,499,273,8.88888888888889
149.9,deallocate,89,8,497,273,0.0
149.9,deallocate,71,8,498,18,0.0
150,deallocate,73,5,2341,18800.0,0
150.1,deallocate,7,5,999,63,0.0
150.1,deallocate,68,5,995,120,0.0
150.1,deallocate,51,5,997,36,0.0
150.1,deallocate,84,5,998,28,0.0
150.1,allocate,39,1,1001,180,8.333333333333334
150.1,deallocate,39,5,996,180,0.0
150.1,allocate,51,1,1002,36,8.333333333333334
150.1,allocate,84,1,1003,28,8.333333333333334
150.1,allocate,7,1,1004,63,8.333333333333334
150.1,allocate,68,1,1000,120,8.333333333333334
150.2,allocate,63,7,893,104,1.0
150.2,allocate,66,7,894,132,1.0
150.2,allocate,47,7,898,132,1.0
150.2,allocate,94,7,896,42,1.0
150.2,allocate,49,7,895,156,1.0
150.2,allocate,27,7,897,38,1.0
150.6,allocate,78,5,441,42,4.285714285714286
150.6,allocate,30,5,438,40,4.285714285714286
150.6,allocate,68,5,439,120,4.285714285714286
150.6,allocate,14,5,440,96,4.285714285714286
150.6,allocate,86,5,442,68,4.285714285714286
150.6,allocate,83,5,443,30,4.285714285714286
150.6,allocate,43,5,444,67,4.285714285714286
151,allocate,59,5,2291,1056.0,44
151,allocate,28,1,2161,4446.0,39
151,allocate,19,2,2183,1892.0,43
151,deallocate,62,1,2259,4488.0,0
151,allocate,71,2,2287,648.0,36
151.1,deallocate,95,2,663,15,0.0
151.1,allocate,48,5,676,108,6.0
151.1,allocate,79,5,678,280,6.0
151.1,deallocate,77,2,665,20,0.0
151.1,allocate,77,5,673,20,6.0
151.1,deallocate,53,2,666,147,0.0
151.1,deallocate,48,2,668,108,0.0
151.1,allocate,50,5,672,37,6.0
151.1,allocate,95,5,671,15,6.0
151.1,deallocate,79,2,670,280,0.0
151.1,deallocate,71,2,669,18,0.0
151.1,deallocate,50,2,664,37,0.0
151.1,deallocate,45,2,667,12,0.0
151.1,allocate,71,5,677,18,6.0
151.1,allocate,45,5,675,12,6.0
151.1,allocate,53,5,674,147,6.0
151.2,allocate,66,5,900,132,1.0
151.2,deallocate,47,7,898,132,0.0
151.2,deallocate,94,7,896,42,0.0
151.2,deallocate,27,7,897,38,0.0
151.2,allocate,27,5,903,38,1.0
151.2,deallocate,63,7,893,104,0.0
151.2,allocate,94,5,902,42,1.0
151.2,allocate,49,5,901,156,1.0
151.2,allocate,63,5,899,104,1.0
151.2,deallocate,66,7,894,132,0.0
151.2,deallocate,49,7,895,156,0.0
151.2,allocate,47,5,904,132,1.0
151.8,allocate,63,5,124,104,10.0
151.8,deallocate,44,7,115,171,0.0
151.8,deallocate,99,7,116,24,0.0
151.8,allocate,99,5,121,24,10.0
151.8,allocate,23,5,123,330,10.0
151.8,allocate,32,5,122,50,10.0
151.8,allocate,44,5,120,171,10.0
151.8,deallocate,63,7,119,104,0.0
151.8,allocate,68,5,973,120,5.0
151.8,allocate,72,5,972,300,5.0
151.8,deallocate,68,1,971,120,0.0
151.8,deallocate,32,7,117,50,0.0
151.8,deallocate,23,7,118,330,0.0
151.8,deallocate,72,1,970,300,0.0
151.9,allocate,24,2,128,450,8.333333333333334
151.9,allocate,45,2,127,12,8.333333333333334
151.9,allocate,88,2,126,30,8.333333333333334
151.9,allocate,3,2,129,13,8.333333333333334
151.9,allocate,77,2,125,20,8.333333333333334
152,deallocate,98,9,2322,2511.0,0
152.2,deallocate,66,5,900,132,0.0
152.2,deallocate,94,5,902,42,0.0
152.2,deallocate,27,5,903,38,0.0
152.2,allocate,49,3,907,156,1.0
152.2,allocate,94,3,908,42,1.0
152.2,deallocate,63,5,899,104,0.0
152.2,allocate,47,3,910,132,1.0
152.2,deallocate,49,5,901,156,0.0
152.2,deallocate,47,5,904,132,0.0
152.2,allocate,27,3,909,38,1.0
152.2,allocate,66,3,906,132,1.0
152.2,allocate,63,3,905,104,1.0
153,deallocate,82,5,2246,3354.0,0
153,deallocate,22,8,2195,6960.0,0
153,deallocate,95,3,2220,525.0,0
153,allocate,17,1,2279,1260.0,35
153.2,deallocate,47,3,910,132,0.0
153.2,deallocate,63,3,905,104,0.0
153.2,deallocate,66,3,906,132,0.0
153.2,deallocate,49,3,907,156,0.0
153.2,deallocate,94,3,908,42,0.0
153.2,deallocate,27,3,909,38,0.0
153.2,allocate,63,1,911,104,1.0
153.2,allocate,66,1,912,132,1.0
153.2,allocate,47,1,916,132,1.0
153.2,allocate,94,1,914,42,1.0
153.2,allocate,27,1,915,38,1.0
153.2,allocate,49,1,913,156,1.0
154,allocate,93,2,2171,2352.0,42
154,allocate,68,4,2152,4200.0,35
154.2,allocate,47,4,922,132,1.0
154.2,deallocate,47,1,916,132,0.0
154.2,deallocate,63,1,911,104,0.0
154.2,deallocate,66,1,912,132,0.0
154.2,deallocate,49,1,913,156,0.0
154.2,deallocate,27,1,915,38,0.0
154.2,deallocate,94,1,914,42,0.0
154.2,allocate,94,4,920,42,1.0
154.2,allocate,66,4,918,132,1.0
154.2,allocate,49,4,919,156,1.0
154.2,allocate,27,4,921,38,1.0
154.2,allocate,63,4,917,104,1.0
154.9,allocate,86,2,449,68,4.285714285714286
154.9,deallocate,43,5,444,67,0.0
154.9,allocate,78,2,448,42,4.285714285714286
154.9,allocate,14,2,447,96,4.285714285714286
154.9,allocate,68,2,446,120,4.285714285714286
154.9,allocate,30,2,445,40,4.285714285714286
154.9,deallocate,86,5,442,68,0.0
154.9,deallocate,83,5,443,30,0.0
154.9,deallocate,14,5,440,96,0.0
154.9,deallocate,68,5,439,120,0.0
154.9,deallocate,30,5,438,40,0.0
154.9,allocate,43,2,451,67,4.285714285714286
154.9,allocate,83,2,450,30,4.285714285714286
154.9,deallocate,78,5,441,42,0.0
155,deallocate,24,7,2270,14850.0,0
155,allocate,91,0,2257,2100.0,42
155,deallocate,5,3,2256,2744.0,0
155.2,deallocate,63,4,917,104,0.0
155.2,allocate,47,8,928,132,1.0
155.2,allocate,94,8,926,42,1.0
155.2,allocate,49,8,925,156,1.0
155.2,allocate,66,8,924,132,1.0
155.2,allocate,27,8,927,38,1.0
155.2,deallocate,47,4,922,132,0.0
155.2,deallocate,66,4,918,132,0.0
155.2,allocate,63,8,923,104,1.0
155.2,deallocate,49,4,919,156,0.0
155.2,deallocate,27,4,921,38,0.0
155.2,deallocate,94,4,920,42,0.0
156,allocate,46,8,2361,11388.0,39
156.2,deallocate,94,8,926,42,0.0
156.2,allocate,94,2,932,42,1.0
156.2,allocate,27,2,933,38,1.0
156.2,allocate,47,2,934,132,1.0
156.2,allocate,63,2,929,104,1.0
156.2,deallocate,47,8,928,132,0.0
156.2,deallocate,66,8,924,132,0.0
156.2,allocate,49,2,931,156,1.0
156.2,deallocate,49,8,925,156,0.0
156.2,allocate,66,2,930,132,1.0
156.2,deallocate,63,8,923,104,0.0
156.2,deallocate,27,8,927,38,0.0
156.8,allocate,68,3,975,120,5.0
156.8,allocate,72,3,974,300,5.0
156.8,deallocate,68,5,973,120,0.0
156.8,deallocate,72,5,972,300,0.0
157,allocate,33,3,2192,1260.0,42
157,deallocate,6,8,2255,3255.0,0
157.1,allocate,71,7,685,18,6.0
157.1,deallocate,50,5,672,37,0.0
157.1,deallocate,53,5,674,147,0.0
157.1,allocate,77,7,681,20,6.0
157.1,deallocate,77,5,673,20,0.0
157.1,allocate,79,7,686,280,6.0
157.1,deallocate,48,5,676,108,0.0
157.1,deallocate,71,5,677,18,0.0
157.1,deallocate,45,5,675,12,0.0
157.1,allocate,95,7,679,15,6.0
157.1,allocate,50,7,680,37,6.0
157.1,allocate,53,7,682,147,6.0
157.1,deallocate,95,5,671,15,0.0
157.1,allocate,45,7,683,12,6.0
157.1,allocate,48,7,684,108,6.0
157.1,deallocate,79,5,678,280,0.0
157.2,allocate,49,0,937,156,1.0
157.2,deallocate,63,2,929,104,0.0
157.2,allocate,27,0,939,38,1.0
157.2,allocate,94,0,938,42,1.0
157.2,allocate,66,0,936,132,1.0
157.2,allocate,47,0,940,132,1.0
157.2,deallocate,27,2,933,38,0.0
157.2,deallocate,47,2,934,132,0.0
157.2,deallocate,66,2,930,132,0.0
157.2,allocate,63,0,935,104,1.0
157.2,deallocate,94,2,932,42,0.0
157.2,deallocate,49,2,931,156,0.0
158,deallocate,33,1,2295,1200.0,0
158,deallocate,91,5,2163,1600.0,0
158,allocate,64,3,2230,504.0,36
158,allocate,61,9,2198,3192.0,38
158.2,deallocate,94,0,938,42,0.0
158.2,allocate,87,3,216,236,4.285714285714286
158.2,deallocate,47,0,940,132,0.0
158.2,allocate,47,9,946,132,1.0
158.2,allocate,63,9,941,104,1.0
158.2,deallocate,49,0,937,156,0.0
158.2,allocate,92,3,218,92,4.285714285714286
158.2,allocate,5,3,220,56,4.285714285714286
158.2,allocate,13,3,217,200,4.285714285714286
158.2,deallocate,66,0,936,132,0.0
158.2,deallocate,27,0,939,38,0.0
158.2,allocate,56,3,219,260,4.285714285714286
158.2,deallocate,63,0,935,104,0.0
158.2,allocate,27,9,945,38,1.0
158.2,allocate,94,9,944,42,1.0
158.2,allocate,49,9,943,156,1.0
158.2,allocate,66,9,942,132,1.0
158.5,allocate,68,0,1005,120,8.333333333333334
158.5,allocate,51,0,1007,36,8.333333333333334
158.5,allocate,84,0,1008,28,8.333333333333334
158.5,allocate,39,0,1006,180,8.333333333333334
158.5,deallocate,51,1,1002,36,0.0
158.5,deallocate,68,1,1000,120,0.0
158.5,deallocate,84,1,1003,28,0.0
158.5,deallocate,7,1,1004,63,0.0
158.5,deallocate,39,1,1001,180,0.0
158.5,allocate,7,0,1009,63,8.333333333333334
158.8,allocate,71,6,502,18,8.88888888888889
158.8,deallocate,89,4,499,273,0.0
158.8,deallocate,71,4,500,18,0.0
158.8,allocate,89,6,501,273,8.88888888888889
159,deallocate,76,1,2308,17760.0,0
159,deallocate,35,3,2314,8190.0,0
159,allocate,93,8,2345,1960.0,35
159.2,allocate,68,4,453,120,4.285714285714286
159.2,deallocate,30,2,445,40,0.0
159.2,deallocate,83,2,450,30,0.0
159.2,deallocate,68,2,446,120,0.0
159.2,deallocate,14,2,447,96,0.0
159.2,deallocate,78,2,448,42,0.0
159.2,deallocate,86,2,449,68,0.0
159.2,deallocate,63,9,941,104,0.0
159.2,deallocate,66,9,942,132,0.0
159.2,deallocate,49,9,943,156,0.0
159.2,allocate,30,4,452,40,4.285714285714286
159.2,allocate,14,4,454,96,4.285714285714286
159.2,allocate,43,4,458,67,4.285714285714286
159.2,allocate,86,4,456,68,4.285714285714286
159.2,allocate,83,4,457,30,4.285714285714286
159.2,allocate,63,6,947,104,1.0
159.2,deallocate,43,2,451,67,0.0
159.2,deallocate,94,9,944,42,0.0
159.2,allocate,49,6,949,156,1.0
159.2,allocate,47,6,952,132,1.0
159.2,allocate,27,6,951,38,1.0
159.2,allocate,94,6,950,42,1.0
159.2,deallocate,47,9,946,132,0.0
159.2,allocate,66,6,948,132,1.0
159.2,allocate,78,4,455,42,4.285714285714286
159.2,deallocate,27,9,945,38,0.0
160,deallocate,53,4,2316,5439.0,0
160,allocate,72,7,2276,12000.0,40
160.2,deallocate,47,6,952,132,0.0
160.2,deallocate,63,6,947,104,0.0
160.2,allocate,45,8,132,12,8.333333333333334
160.2,allocate,24,8,133,450,8.333333333333334
160.2,deallocate,45,2,127,12,0.0
160.2,deallocate,24,2,128,450,0.0
160.2,deallocate,3,2,129,13,0.0
160.2,allocate,77,8,130,20,8.333333333333334
160.2,allocate,88,8,131,30,8.333333333333334
160.2,deallocate,88,2,126,30,0.0
160.2,deallocate,77,2,125,20,0.0
160.2,allocate,3,8,134,13,8.333333333333334
160.2,deallocate,66,6,948,132,0.0
160.2,deallocate,27,6,951,38,0.0
160.2,deallocate,94,6,950,42,0.0
160.2,deallocate,49,6,949,156,0.0
161,deallocate,95,6,2306,705.0,0
161.6,allocate,2,4,35,48,30.0
161.6,allocate,65,4,36,80,30.0
161.6,allocate,77,4,39,20,30.0
161.6,allocate,24,4,38,450,30.0
161.6,deallocate,89,3,26,273,0.0
161.6,allocate,89,4,34,273,30.0
161.6,allocate,0,4,33,450,30.0
161.6,allocate,49,4,37,156,30.0
161.6,deallocate,65,3,28,80,0.0
161.6,deallocate,0,3,25,450,0.0
161.6,deallocate,24,3,30,450,0.0
161.6,deallocate,49,3,29,156,0.0
161.6,allocate,8,4,32,48,30.0
161.6,deallocate,77,3,31,20,0.0
161.6,deallocate,2,3,27,48,0.0
161.6,deallocate,8,3,24,48,0.0
161.8,deallocate,68,3,975,120,0.0
161.8,allocate,72,4,976,300,5.0
161.8,deallocate,72,3,974,300,0.0
161.8,deallocate,99,5,121,24,0.0
161.8,deallocate,32,5,122,50,0.0
161.8,deallocate,44,5,120,171,0.0
161.8,deallocate,23,5,123,330,0.0
161.8,deallocate,63,5,124,104,0.0
161.8,allocate,68,4,977,120,5.0
162,deallocate,32,8,2366,2150.0,0
162.5,allocate,56,4,224,260,4.285714285714286
162.5,allocate,92,4,223,92,4.285714285714286
162.5,allocate,13,4,222,200,4.285714285714286
162.5,allocate,5,4,225,56,4.285714285714286
162.5,deallocate,92,3,218,92,0.0
162.5,deallocate,56,3,219,260,0.0
162.5,deallocate,5,3,220,56,0.0
162.5,deallocate,87,3,216,236,0.0
162.5,deallocate,13,3,217,200,0.0
162.5,allocate,87,4,221,236,4.285714285714286
163,allocate,41,4,2281,2580.0,43
163,allocate,21,1,2179,10780.0,44
163,allocate,86,5,2309,2584.0,38
163.1,allocate,77,3,689,20,6.0
163.1,allocate,50,3,688,37,6.0
163.1,allocate,71,3,693,18,6.0
163.1,allocate,53,3,690,147,6.0
163.1,deallocate,71,7,685,18,0.0
163.1,deallocate,48,7,684,108,0.0
163.1,deallocate,45,7,683,12,0.0
163.1,deallocate,53,7,682,147,0.0
163.1,deallocate,77,7,681,20,0.0
163.1,allocate,79,3,694,280,6.0
163.1,deallocate,79,7,686,280,0.0
163.1,deallocate,95,7,679,15,0.0
163.1,allocate,45,3,691,12,6.0
163.1,allocate,48,3,692,108,6.0
163.1,deallocate,50,7,680,37,0.0
163.1,allocate,95,3,687,15,6.0
163.5,allocate,78,9,462,42,4.285714285714286
163.5,deallocate,83,4,457,30,0.0
163.5,deallocate,86,4,456,68,0.0
163.5,deallocate,78,4,455,42,0.0
163.5,allocate,43,9,465,67,4.285714285714286
163.5,allocate,86,9,463,68,4.285714285714286
163.5,deallocate,43,4,458,67,0.0
163.5,allocate,30,9,459,40,4.285714285714286
163.5,allocate,14,9,461,96,4.285714285714286
163.5,allocate,68,9,460,120,4.285714285714286
163.5,deallocate,14,4,454,96,0.0
163.5,deallocate,30,4,452,40,0.0
163.5,deallocate,68,4,453,120,0.0
163.5,allocate,83,9,464,30,4.285714285714286
164,allocate,12,2,2363,1092.0,42
164,allocate,3,1,2347,442.0,34
165,deallocate,39,6,2300,6120.0,0
165,allocate,81,9,2181,2150.0,43
165,allocate,1,0,2335,4600.0,46
165,deallocate,32,7,2264,2150.0,0
165,deallocate,7,8,2304,1890.0,0
166,allocate,95,9,2301,675.0,45
166,allocate,3,5,2216,507.0,39
166,allocate,36,7,2332,1600.0,32
166,allocate,19,8,2166,1936.0,44
166.8,allocate,87,1,226,236,4.285714285714286
166.8,allocate,72,6,978,300,5.0
166.8,allocate,56,1,229,260,4.285714285714286
166.8,allocate,92,1,228,92,4.285714285714286
166.8,deallocate,5,4,225,56,0.0
166.8,allocate,13,1,227,200,4.285714285714286
166.8,deallocate,92,4,223,92,0.0
166.8,deallocate,68,0,1005,120,0.0
166.8,deallocate,39,0,1006,180,0.0
166.8,allocate,5,1,230,56,4.285714285714286
166.8,deallocate,84,0,1008,28,0.0
166.8,allocate,68,3,1010,120,8.333333333333334
166.8,allocate,39,3,1011,180,8.333333333333334
166.8,allocate,51,3,1012,36,8.333333333333334
166.8,allocate,84,3,1013,28,8.333333333333334
166.8,allocate,7,3,1014,63,8.333333333333334
166.8,deallocate,51,0,1007,36,0.0
166.8,deallocate,7,0,1009,63,0.0
166.8,deallocate,56,4,224,260,0.0
166.8,deallocate,13,4,222,200,0.0
166.8,deallocate,87,4,221,236,0.0
166.8,deallocate,72,4,976,300,0.0
166.8,deallocate,68,4,977,120,0.0
166.8,allocate,68,6,979,120,5.0
167,allocate,33,4,2315,1470.0,49
167,deallocate,93,6,2153,1904.0,0
167.7,allocate,30,8,466,40,4.285714285714286
167.7,allocate,86,8,470,68,4.285714285714286
167.7,deallocate,68,9,460,120,0.0
167.7,allocate,78,8,469,42,4.285714285714286
167.7,deallocate,71,6,502,18,0.0
167.7,allocate,89,3,503,273,8.88888888888889
167.7,allocate,71,3,504,18,8.88888888888889
167.7,allocate,83,8,471,30,4.285714285714286
167.7,allocate,43,8,472,67,4.285714285714286
167.7,deallocate,30,9,459,40,0.0
167.7,deallocate,89,6,501,273,0.0
167.7,deallocate,14,9,461,96,0.0
167.7,allocate,14,8,468,96,4.285714285714286
167.7,deallocate,86,9,463,68,0.0
167.7,deallocate,83,9,464,30,0.0
167.7,deallocate,43,9,465,67,0.0
167.7,allocate,68,8,467,120,4.285714285714286
167.7,deallocate,78,9,462,42,0.0
168,deallocate,14,9,2263,3552.0,0
168.6,allocate,45,4,137,12,8.333333333333334
168.6,allocate,24,4,138,450,8.333333333333334
168.6,deallocate,3,8,134,13,0.0
168.6,deallocate,24,8,133,450,0.0
168.6,deallocate,45,8,132,12,0.0
168.6,deallocate,88,8,131,30,0.0
168.6,deallocate,77,8,130,20,0.0
168.6,allocate,3,4,139,13,8.333333333333334
168.6,allocate,77,4,135,20,8.333333333333334
168.6,allocate,88,4,136,30,8.333333333333334
169,allocate,52,2,2249,1080.0,45
169,deallocate,48,1,2370,3780.0,0
169.1,allocate,95,1,695,15,6.0
169.1,deallocate,48,3,692,108,0.0
169.1,deallocate,77,3,689,20,0.0
169.1,allocate,77,1,697,20,6.0
169.1,allocate,53,1,698,147,6.0
169.1,allocate,45,1,699,12,6.0
169.1,allocate,48,1,700,108,6.0
169.1,deallocate,79,3,694,280,0.0
169.1,deallocate,71,3,693,18,0.0
169.1,allocate,50,1,696,37,6.0
169.1,allocate,79,1,702,280,6.0
169.1,deallocate,53,3,690,147,0.0
169.1,deallocate,45,3,691,12,0.0
169.1,deallocate,50,3,688,37,0.0
169.1,deallocate,95,3,687,15,0.0
169.1,allocate,71,1,701,18,6.0
170,deallocate,8,3,2223,2160.0,0
171,allocate,76,5,2160,23040.0,48
171,deallocate,0,5,2205,18000.0,0
171.1,deallocate,5,1,230,56,0.0
171.1,deallocate,56,1,229,260,0.0
171.1,deallocate,92,1,228,92,0.0
171.1,deallocate,87,1,226,236,0.0
171.1,allocate,5,7,235,56,4.285714285714286
171.1,allocate,56,7,234,260,4.285714285714286
171.1,allocate,92,7,233,92,4.285714285714286
171.1,allocate,87,7,231,236,4.285714285714286
171.1,deallocate,13,1,227,200,0.0
171.1,allocate,13,7,232,200,4.285714285714286
171.8,deallocate,68,6,979,120,0.0
171.8,deallocate,72,6,978,300,0.0
172.0,deallocate,68,8,467,120,0.0
172.0,allocate,83,6,478,30,4.285714285714286
172.0,deallocate,43,8,472,67,0.0
172.0,allocate,30,6,473,40,4.285714285714286
172.0,allocate,68,6,474,120,4.285714285714286
172.0,allocate,43,6,479,67,4.285714285714286
172.0,allocate,86,6,477,68,4.285714285714286
172.0,deallocate,14,8,468,96,0.0
172.0,allocate,78,6,476,42,4.285714285714286
172.0,allocate,14,6,475,96,4.285714285714286
172.0,deallocate,30,8,466,40,0.0
172.0,deallocate,78,8,469,42,0.0
172.0,deallocate,86,8,470,68,0.0
172,allocate,7,0,2193,2709.0,43
172,deallocate,4,0,2177,2904.0,0
172,deallocate,73,9,2156,18800.0,0
172.0,deallocate,83,8,471,30,0.0
173,deallocate,83,3,2280,1350.0,0
173,deallocate,68,6,2170,4080.0,0
174,allocate,7,4,2238,1890.0,30
174.2,deallocate,9,4,83,316,0.0
174.2,allocate,9,0,84,316,30.0
175,deallocate,65,2,2376,3600.0,0
175,allocate,14,2,2317,3168.0,33
175,deallocate,94,3,2188,1470.0,0
175.1,deallocate,95,1,695,15,0.0
175.1,allocate,77,9,705,20,6.0
175.1,deallocate,48,1,700,108,0.0
175.1,deallocate,45,1,699,12,0.0
175.1,deallocate,71,1,701,18,0.0
175.1,deallocate,53,1,698,147,0.0
175.1,deallocate,79,1,702,280,0.0
175.1,allocate,95,9,703,15,6.0
175.1,allocate,50,9,704,37,6.0
175.1,allocate,39,4,1016,180,8.333333333333334
175.1,allocate,53,9,706,147,6.0
175.1,allocate,45,9,707,12,6.0
175.1,allocate,48,9,708,108,6.0
175.1,allocate,71,9,709,18,6.0
175.1,allocate,79,9,710,280,6.0
175.1,allocate,84,4,1018,28,8.333333333333334
175.1,deallocate,77,1,697,20,0.0
175.1,allocate,7,4,1019,63,8.333333333333334
175.1,allocate,51,4,1017,36,8.333333333333334
175.1,deallocate,39,3,1011,180,0.0
175.1,allocate,68,4,1015,120,8.333333333333334
175.1,deallocate,7,3,1014,63,0.0
175.1,deallocate,84,3,1013,28,0.0
175.1,deallocate,51,3,1012,36,0.0
175.1,deallocate,50,1,696,37,0.0
175.1,deallocate,68,3,1010,120,0.0
175.4,allocate,87,5,236,236,4.285714285714286
175.4,allocate,5,5,240,56,4.285714285714286
175.4,allocate,13,5,237,200,4.285714285714286
175.4,deallocate,56,7,234,260,0.0
175.4,deallocate,5,7,235,56,0.0
175.4,deallocate,13,7,232,200,0.0
175.4,deallocate,87,7,231,236,0.0
175.4,deallocate,92,7,233,92,0.0
175.4,allocate,56,5,239,260,4.285714285714286
175.4,allocate,92,5,238,92,4.285714285714286
176,allocate,8,7,2231,2304.0,48
176.3,allocate,78,7,483,42,4.285714285714286
176.3,allocate,86,7,484,68,4.285714285714286
176.3,deallocate,68,6,474,120,0.0
176.3,allocate,30,7,480,40,4.285714285714286
176.3,allocate,83,7,485,30,4.285714285714286
176.3,deallocate,83,6,478,30,0.0
176.3,deallocate,14,6,475,96,0.0
176.3,deallocate,30,6,473,40,0.0
176.3,deallocate,78,6,476,42,0.0
176.3,deallocate,86,6,477,68,0.0
176.3,deallocate,43,6,479,67,0.0
176.3,allocate,68,7,481,120,4.285714285714286
176.3,allocate,43,7,486,67,4.285714285714286
176.3,allocate,14,7,482,96,4.285714285714286
176.6,deallocate,89,3,503,273,0.0
176.6,deallocate,71,3,504,18,0.0
176.9,deallocate,24,4,138,450,0.0
176.9,deallocate,45,4,137,12,0.0
176.9,allocate,45,5,142,12,8.333333333333334
176.9,deallocate,3,4,139,13,0.0
176.9,deallocate,77,4,135,20,0.0
176.9,deallocate,88,4,136,30,0.0
176.9,allocate,77,5,140,20,8.333333333333334
176.9,allocate,88,5,141,30,8.333333333333334
176.9,allocate,3,5,144,13,8.333333333333334
176.9,allocate,24,5,143,450,8.333333333333334
177,allocate,77,3,2250,660.0,33
177,deallocate,76,3,2290,15840.0,0
177,deallocate,79,9,2288,12040.0,0
178,deallocate,68,6,2324,4680.0,0
178,deallocate,73,0,2243,16000.0,0
178,deallocate,84,9,2325,840.0,0
179,deallocate,28,2,2162,5472.0,0
179,allocate,90,5,2176,4896.0,34
179.6,allocate,93,9,331,56,11.11111111111111
179.7,deallocate,13,5,237,200,0.0
179.7,allocate,92,8,243,92,4.285714285714286
179.7,deallocate,56,5,239,260,0.0
179.7,allocate,13,8,242,200,4.285714285714286
179.7,allocate,87,8,241,236,4.285714285714286
179.7,deallocate,87,5,236,236,0.0
179.7,deallocate,5,5,240,56,0.0
179.7,allocate,56,8,244,260,4.285714285714286
179.7,allocate,5,8,245,56,4.285714285714286
179.7,deallocate,92,5,238,92,0.0
180,deallocate,20,7,2298,462.0,0
180,deallocate,13,0,2374,8600.0,0
180,deallocate,62,9,2284,4182.0,0
180,deallocate,58,9,2244,1518.0,0
180.6,deallocate,78,7,483,42,0.0
180.6,deallocate,68,7,481,120,0.0
180.6,deallocate,30,7,480,40,0.0
180.6,deallocate,14,7,482,96,0.0
180.6,deallocate,43,7,486,67,0.0
180.6,deallocate,83,7,485,30,0.0
180.6,deallocate,86,7,484,68,0.0
181,deallocate,24,5,2209,17100.0,0
181,allocate,49,0,2141,6084.0,39
181,allocate,56,8,2151,12740.0,49
181.1,deallocate,95,9,703,15,0.0
181.1,deallocate,50,9,704,37,0.0
181.1,deallocate,48,9,708,108,0.0
181.1,deallocate,79,9,710,280,0.0
181.1,allocate,48,8,716,108,6.0
181.1,deallocate,53,9,706,147,0.0
181.1,deallocate,45,9,707,12,0.0
181.1,deallocate,71,9,709,18,0.0
181.1,deallocate,77,9,705,20,0.0
181.1,allocate,50,8,712,37,6.0
181.1,allocate,77,8,713,20,6.0
181.1,allocate,45,8,715,12,6.0
181.1,allocate,53,8,714,147,6.0
181.1,allocate,71,8,717,18,6.0
181.1,allocate,79,8,718,280,6.0
181.1,allocate,95,8,711,15,6.0
181.8,allocate,92,2,1026,92,11.666666666666666
181.8,allocate,90,2,1027,144,11.666666666666666
181.8,allocate,79,2,1025,280,11.666666666666666
183.5,deallocate,68,4,1015,120,0.0
183.5,allocate,84,7,1023,28,8.333333333333334
183.5,allocate,68,7,1020,120,8.333333333333334
183.5,allocate,51,7,1022,36,8.333333333333334
183.5,deallocate,39,4,1016,180,0.0
183.5,allocate,7,7,1024,63,8.333333333333334
183.5,deallocate,84,4,1018,28,0.0
183.5,deallocate,7,4,1019,63,0.0
183.5,allocate,39,7,1021,180,8.333333333333334
183.5,deallocate,51,4,1017,36,0.0
183.9,allocate,5,6,250,56,4.285714285714286
183.9,allocate,56,6,249,260,4.285714285714286
183.9,allocate,92,6,248,92,4.285714285714286
183.9,allocate,13,6,247,200,4.285714285714286
183.9,allocate,87,6,246,236,4.285714285714286
183.9,deallocate,5,8,245,56,0.0
183.9,deallocate,56,8,244,260,0.0
183.9,deallocate,92,8,243,92,0.0
183.9,deallocate,13,8,242,200,0.0
183.9,deallocate,87,8,241,236,0.0
185,deallocate,17,2,2219,1764.0,0
185,deallocate,92,0,2201,4324.0,0
185,deallocate,40,9,2356,11466.0,0
185.2,deallocate,24,5,143,450,0.0
185.2,allocate,45,7,147,12,8.333333333333334
185.2,allocate,88,7,146,30,8.333333333333334
185.2,allocate,3,7,149,13,8.333333333333334
185.2,allocate,24,7,148,450,8.333333333333334
185.2,deallocate,77,5,140,20,0.0
185.2,deallocate,88,5,141,30,0.0
185.2,deallocate,45,5,142,12,0.0
185.2,deallocate,3,5,144,13,0.0
185.2,allocate,77,7,145,20,8.333333333333334
186,allocate,93,4,2310,2296.0,41
186,allocate,64,2,2327,546.0,39
187,allocate,99,4,2251,792.0,33
187,deallocate,71,2,2287,648.0,0
187.1,deallocate,77,8,713,20,0.0
187.1,deallocate,95,8,711,15,0.0
187.1,deallocate,48,8,716,108,0.0
187.1,deallocate,79,8,718,280,0.0
187.1,deallocate,53,8,714,147,0.0
187.1,deallocate,45,8,715,12,0.0
187.1,deallocate,71,8,717,18,0.0
187.1,deallocate,50,8,712,37,0.0
188,allocate,32,6,2203,1600.0,32
188,deallocate,17,1,2279,1260.0,0
188.2,deallocate,13,6,247,200,0.0
188.2,deallocate,56,6,249,260,0.0
188.2,deallocate,5,6,250,56,0.0
188.2,deallocate,92,6,248,92,0.0
188.2,deallocate,87,6,246,236,0.0
189,deallocate,72,4,2348,13500.0,0
189,deallocate,68,4,2152,4200.0,0
189,deallocate,77,9,2140,980.0,0
190,allocate,81,9,2331,1600.0,32
190,allocate,13,7,2215,8800.0,44
190,allocate,25,7,2334,1290.0,43
190,allocate,60,3,2299,19092.0,43
190,deallocate,28,1,2161,4446.0,0
190.7,deallocate,93,9,331,56,0.0
190.7,allocate,93,1,332,56,11.11111111111111
191.6,allocate,2,8,43,48,30.0
191.6,deallocate,65,4,36,80,0.0
191.6,allocate,24,8,46,450,30.0
191.6,allocate,65,8,44,80,30.0
191.6,allocate,49,8,45,156,30.0
191.6,allocate,0,8,41,450,30.0
191.6,deallocate,0,4,33,450,0.0
191.6,allocate,89,8,42,273,30.0
191.6,deallocate,89,4,34,273,0.0
191.6,allocate,8,8,40,48,30.0
191.6,deallocate,2,4,35,48,0.0
191.6,allocate,77,8,47,20,30.0
191.6,deallocate,24,4,38,450,0.0
191.6,deallocate,77,4,39,20,0.0
191.6,deallocate,8,4,32,48,0.0
191.6,deallocate,49,4,37,156,0.0
191.8,deallocate,51,7,1022,36,0.0
191.8,deallocate,7,7,1024,63,0.0
191.8,deallocate,39,7,1021,180,0.0
191.8,deallocate,68,7,1020,120,0.0
191.8,deallocate,84,7,1023,28,0.0
193,allocate,0,5,2235,18900.0,42
193.5,deallocate,92,2,1026,92,0.0
193.5,deallocate,79,2,1025,280,0.0
193.5,allocate,92,8,1029,92,11.666666666666666
193.5,deallocate,90,2,1027,144,0.0
193.5,allocate,90,8,1030,144,11.666666666666666
193.5,allocate,79,8,1028,280,11.666666666666666
193.6,allocate,45,9,152,12,8.333333333333334
193.6,deallocate,24,7,148,450,0.0
193.6,allocate,77,9,150,20,8.333333333333334
193.6,deallocate,3,7,149,13,0.0
193.6,deallocate,88,7,146,30,0.0
193.6,deallocate,45,7,147,12,0.0
193.6,allocate,24,9,153,450,8.333333333333334
193.6,allocate,3,9,154,13,8.333333333333334
193.6,deallocate,77,7,145,20,0.0
193.6,allocate,88,9,151,30,8.333333333333334
194,deallocate,93,8,2345,1960.0,0
194,deallocate,19,2,2183,1892.0,0
194,allocate,28,0,2339,4560.0,40
194,allocate,90,4,2319,4608.0,32
194,deallocate,64,3,2230,504.0,0
195,deallocate,59,5,2291,1056.0,0
195,allocate,30,5,2377,1800.0,45
195,deallocate,46,8,2361,11388.0,0
195.7,allocate,70,1,728,217,11.428571428571429
195.7,allocate,78,1,727,42,11.428571428571429
195.7,allocate,49,1,726,156,11.428571428571429
195.7,allocate,63,1,725,104,11.428571428571429
195.7,allocate,64,1,731,14,11.428571428571429
195.7,allocate,99,1,729,24,11.428571428571429
195.7,allocate,44,1,730,171,11.428571428571429
196,allocate,22,3,2312,6612.0,38
196,allocate,44,6,2194,7011.0,41
196,deallocate,61,9,2198,3192.0,0
196,allocate,14,7,2200,3360.0,35
196,deallocate,93,2,2171,2352.0,0
197,deallocate,91,0,2257,2100.0,0
197,deallocate,26,8,2267,7056.0,0
197,allocate,21,6,2225,9065.0,37
198,deallocate,3,1,2347,442.0,0
198,deallocate,36,7,2332,1600.0,0
199,deallocate,33,3,2192,1260.0,0
199,allocate,81,9,2360,1600.0,32
200,allocate,89,9,2150,13377.0,49
200,deallocate,72,7,2276,12000.0,0
201,allocate,79,7,2367,13160.0,47
201,allocate,99,4,2351,1056.0,44
201,allocate,13,3,2337,9200.0,46
201,deallocate,86,5,2309,2584.0,0
201.8,deallocate,93,1,332,56,0.0
201.8,allocate,93,8,333,56,11.11111111111111
201.9,deallocate,45,9,152,12,0.0
201.9,deallocate,88,9,151,30,0.0
201.9,deallocate,77,9,150,20,0.0
201.9,deallocate,3,9,154,13,0.0
201.9,deallocate,24,9,153,450,0.0
204,deallocate,7,4,2238,1890.0,0
204.2,deallocate,9,0,84,316,0.0
204.2,allocate,9,3,85,316,30.0
205,deallocate,3,5,2216,507.0,0
205.1,allocate,90,0,1033,144,11.666666666666666
205.1,allocate,92,0,1032,92,11.666666666666666
205.1,allocate,79,0,1031,280,11.666666666666666
205.1,deallocate,90,8,1030,144,0.0
205.1,deallocate,92,8,1029,92,0.0
205.1,deallocate,79,8,1028,280,0.0
206,deallocate,12,2,2363,1092.0,0
206,deallocate,41,4,2281,2580.0,0
207,allocate,8,5,2234,1968.0,41
207,allocate,71,3,2139,738.0,41
207,deallocate,21,1,2179,10780.0,0
207.1,deallocate,44,1,730,171,0.0
207.1,deallocate,99,1,729,24,0.0
207.1,deallocate,70,1,728,217,0.0
207.1,deallocate,78,1,727,42,0.0
207.1,allocate,49,5,733,156,11.428571428571429
207.1,allocate,63,5,732,104,11.428571428571429
207.1,deallocate,64,1,731,14,0.0
207.1,allocate,78,5,734,42,11.428571428571429
207.1,allocate,44,5,737,171,11.428571428571429
207.1,allocate,99,5,736,24,11.428571428571429
207.1,allocate,64,5,738,14,11.428571428571429
207.1,deallocate,49,1,726,156,0.0
207.1,deallocate,63,1,725,104,0.0
207.1,allocate,70,5,735,217,11.428571428571429
208,deallocate,81,9,2181,2150.0,0
208,deallocate,14,2,2317,3168.0,0
209,allocate,0,9,2174,15300.0,34
210,deallocate,77,3,2250,660.0,0
210,deallocate,19,8,2166,1936.0,0
211,deallocate,95,9,2301,675.0,0
211,deallocate,1,0,2335,4600.0,0
212,allocate,51,2,2336,1656.0,46
212.9,allocate,93,6,334,56,11.11111111111111
212.9,deallocate,93,8,333,56,0.0
213,allocate,69,9,2233,1260.0,42
213,deallocate,90,5,2176,4896.0,0
213,allocate,32,4,2175,2200.0,44
213,allocate,7,6,2278,2835.0,45
213,allocate,78,8,2191,1470.0,35
214,deallocate,52,2,2249,1080.0,0
215,deallocate,7,0,2193,2709.0,0
215,allocate,23,6,2352,14850.0,45
215,allocate,55,9,2349,4884.0,37
216,deallocate,33,4,2315,1470.0,0
216.8,allocate,90,6,1036,144,11.666666666666666
216.8,allocate,92,6,1035,92,11.666666666666666
216.8,allocate,79,6,1034,280,11.666666666666666
216.8,deallocate,92,0,1032,92,0.0
216.8,deallocate,90,0,1033,144,0.0
216.8,deallocate,79,0,1031,280,0.0
217,allocate,35,0,2365,6240.0,32
217,allocate,61,4,2294,3612.0,43
217,allocate,29,6,2229,7920.0,44
217,allocate,9,5,2305,12640.0,40
218,allocate,78,4,2274,1428.0,34
218.6,deallocate,64,5,738,14,0.0
218.6,allocate,70,9,742,217,11.428571428571429
218.6,deallocate,70,5,735,217,0.0
218.6,allocate,78,9,741,42,11.428571428571429
218.6,deallocate,49,5,733,156,0.0
218.6,deallocate,78,5,734,42,0.0
218.6,deallocate,99,5,736,24,0.0
218.6,deallocate,63,5,732,104,0.0
218.6,allocate,63,9,739,104,11.428571428571429
218.6,allocate,64,9,745,14,11.428571428571429
218.6,allocate,49,9,740,156,11.428571428571429
218.6,allocate,44,9,744,171,11.428571428571429
218.6,allocate,99,9,743,24,11.428571428571429
218.6,deallocate,44,5,737,171,0.0
219,deallocate,76,5,2160,23040.0,0
220,allocate,35,2,2157,8775.0,45
220,deallocate,99,4,2251,792.0,0
220,deallocate,49,0,2141,6084.0,0
220,deallocate,32,6,2203,1600.0,0
221,allocate,14,9,2144,3456.0,36
221.6,allocate,24,2,54,450,30.0
221.6,allocate,49,2,53,156,30.0
221.6,allocate,2,2,51,48,30.0
221.6,allocate,0,2,49,450,30.0
221.6,allocate,8,2,48,48,30.0
221.6,deallocate,24,8,46,450,0.0
221.6,deallocate,49,8,45,156,0.0
221.6,allocate,65,2,52,80,30.0
221.6,deallocate,2,8,43,48,0.0
221.6,deallocate,89,8,42,273,0.0
221.6,deallocate,65,8,44,80,0.0
221.6,allocate,89,2,50,273,30.0
221.6,allocate,77,2,55,20,30.0
221.6,deallocate,8,8,40,48,0.0
221.6,deallocate,77,8,47,20,0.0
221.6,deallocate,0,8,41,450,0.0
222,deallocate,81,9,2331,1600.0,0
223,allocate,38,3,2320,3510.0,30
223,allocate,82,7,2178,2340.0,30
224,allocate,34,3,2326,2444.0,47
224,deallocate,8,7,2231,2304.0,0
224,allocate,35,7,2303,8580.0,44
224.0,allocate,93,4,335,56,11.11111111111111
224.0,deallocate,93,6,334,56,0.0
224,allocate,14,4,2217,3648.0,38
225,deallocate,64,2,2327,546.0,0
225,allocate,17,8,2253,1260.0,35
226,deallocate,90,4,2319,4608.0,0
227,deallocate,93,4,2310,2296.0,0
228.5,allocate,79,1,1037,280,11.666666666666666
228.5,deallocate,79,6,1034,280,0.0
228.5,allocate,90,1,1039,144,11.666666666666666
228.5,allocate,92,1,1038,92,11.666666666666666
228.5,deallocate,90,6,1036,144,0.0
228.5,deallocate,92,6,1035,92,0.0
230.0,deallocate,63,9,739,104,0.0
230.0,allocate,99,2,750,24,11.428571428571429
230.0,deallocate,78,9,741,42,0.0
230.0,deallocate,70,9,742,217,0.0
230.0,deallocate,44,9,744,171,0.0
230.0,allocate,63,2,746,104,11.428571428571429
230.0,deallocate,99,9,743,24,0.0
230.0,allocate,49,2,747,156,11.428571428571429
230.0,deallocate,49,9,740,156,0.0
230.0,allocate,64,2,752,14,11.428571428571429
230.0,allocate,78,2,748,42,11.428571428571429
230.0,allocate,70,2,749,217,11.428571428571429
230.0,allocate,44,2,751,171,11.428571428571429
230,allocate,13,2,2149,6000.0,30
230,deallocate,56,8,2151,12740.0,0
230.0,deallocate,64,9,745,14,0.0
230,allocate,58,5,2197,1518.0,46
231,allocate,12,7,2355,1092.0,42
231,allocate,10,9,2142,15015.0,39
231,deallocate,81,9,2360,1600.0,0
231,deallocate,14,7,2200,3360.0,0
232,allocate,97,7,2344,1480.0,37
232,allocate,95,0,2277,525.0,35
233,deallocate,25,7,2334,1290.0,0
233,deallocate,60,3,2299,19092.0,0
234,allocate,90,6,2145,6768.0,47
234,deallocate,28,0,2339,4560.0,0
234,deallocate,13,7,2215,8800.0,0
234,deallocate,22,3,2312,6612.0,0
234,allocate,81,2,2227,1550.0,31
234,allocate,81,1,2159,2250.0,45
234,deallocate,21,6,2225,9065.0,0
234.2,deallocate,9,3,85,316,0.0
234.2,allocate,9,2,86,316,30.0
235,deallocate,0,5,2235,18900.0,0
235,allocate,78,8,2212,2058.0,49
235.2,deallocate,93,4,335,56,0.0
235.2,allocate,93,0,336,56,11.11111111111111
236,allocate,37,2,2206,3200.0,40
237,allocate,30,8,2210,1800.0,45
237,deallocate,44,6,2194,7011.0,0
237,allocate,11,1,2154,17143.0,31
238,allocate,3,5,2342,468.0,36
239,allocate,45,2,2168,468.0,39
239,allocate,96,1,2245,986.0,34
240,deallocate,30,5,2377,1800.0,0
240.1,deallocate,90,1,1039,144,0.0
240.1,allocate,90,3,1042,144,11.666666666666666
240.1,allocate,79,3,1040,280,11.666666666666666
240.1,deallocate,92,1,1038,92,0.0
240.1,deallocate,79,1,1037,280,0.0
240.1,allocate,92,3,1041,92,11.666666666666666
241.4,deallocate,49,2,747,156,0.0
241.4,deallocate,63,2,746,104,0.0
241.4,allocate,44,3,758,171,11.428571428571429
241.4,allocate,78,3,755,42,11.428571428571429
241.4,allocate,49,3,754,156,11.428571428571429
241.4,allocate,99,3,757,24,11.428571428571429
241.4,deallocate,64,2,752,14,0.0
241.4,allocate,63,3,753,104,11.428571428571429
241.4,deallocate,99,2,750,24,0.0
241.4,deallocate,70,2,749,217,0.0
241.4,deallocate,78,2,748,42,0.0
241.4,deallocate,44,2,751,171,0.0
241.4,allocate,64,3,759,14,11.428571428571429
241.4,allocate,70,3,756,217,11.428571428571429
242,allocate,29,4,2273,8820.0,49
242,allocate,6,5,2213,3255.0,31
243,deallocate,0,9,2174,15300.0,0
243,allocate,91,6,2283,2350.0,47
245,allocate,99,4,2169,720.0,30
245,allocate,27,5,2165,1786.0,47
245,deallocate,99,4,2351,1056.0,0
246.3,deallocate,93,0,336,56,0.0
246.3,allocate,93,5,337,56,11.11111111111111
247,deallocate,13,3,2337,9200.0,0
248,allocate,87,5,2266,8968.0,38
248,allocate,83,4,2218,930.0,31
248,deallocate,78,8,2191,1470.0,0
248,deallocate,71,3,2139,738.0,0
248,deallocate,8,5,2234,1968.0,0
248,deallocate,79,7,2367,13160.0,0
249,deallocate,89,9,2150,13377.0,0
249,allocate,30,1,2364,1760.0,44
249,deallocate,35,0,2365,6240.0,0
251.6,allocate,89,1,58,273,30.0
251.6,deallocate,89,2,50,273,0.0
251.6,deallocate,24,2,54,450,0.0
251.6,allocate,77,1,63,20,30.0
251.6,allocate,24,1,62,450,30.0
251.6,allocate,49,1,61,156,30.0
251.6,allocate,65,1,60,80,30.0
251.6,allocate,2,1,59,48,30.0
251.6,deallocate,0,2,49,450,0.0
251.6,allocate,8,1,56,48,30.0
251.6,deallocate,77,2,55,20,0.0
251.6,deallocate,49,2,53,156,0.0
251.6,deallocate,65,2,52,80,0.0
251.6,deallocate,2,2,51,48,0.0
251.6,deallocate,8,2,48,48,0.0
251.6,allocate,0,1,57,450,30.0
251.8,deallocate,79,3,1040,280,0.0
251.8,deallocate,90,3,1042,144,0.0
251.8,deallocate,92,3,1041,92,0.0
252,deallocate,78,4,2274,1428.0,0
252,allocate,35,9,2272,7605.0,39
252,deallocate,55,9,2349,4884.0,0
252.8,deallocate,49,3,754,156,0.0
252.8,allocate,63,0,760,104,11.428571428571429
252.8,deallocate,63,3,753,104,0.0
252.8,deallocate,78,3,755,42,0.0
252.8,deallocate,70,3,756,217,0.0
252.8,deallocate,99,3,757,24,0.0
252.8,deallocate,64,3,759,14,0.0
252.8,allocate,49,0,761,156,11.428571428571429
252.8,allocate,64,0,766,14,11.428571428571429
252.8,allocate,78,0,762,42,11.428571428571429
252.8,allocate,70,0,763,217,11.428571428571429
252.8,allocate,99,0,764,24,11.428571428571429
252.8,allocate,44,0,765,171,11.428571428571429
252.8,deallocate,44,3,758,171,0.0
253,allocate,83,5,2147,1380.0,46
253,allocate,28,1,2199,5130.0,45
253,deallocate,82,7,2178,2340.0,0
253,deallocate,38,3,2320,3510.0,0
254,allocate,49,8,2260,5616.0,36
254,allocate,45,2,2228,444.0,37
255,allocate,63,4,2311,3120.0,30
255,deallocate,69,9,2233,1260.0,0
256,allocate,16,2,2204,1755.0,39
257,deallocate,32,4,2175,2200.0,0
257,allocate,2,0,2372,1440.0,30
257,deallocate,14,9,2144,3456.0,0
257,allocate,54,2,2330,2700.0,45
257,allocate,51,2,2307,1476.0,41
257,deallocate,9,5,2305,12640.0,0
257.4,deallocate,93,5,337,56,0.0
257.4,allocate,93,3,338,56,11.11111111111111
258,allocate,6,2,2241,3255.0,31
258,deallocate,51,2,2336,1656.0,0
258,allocate,31,5,2321,17286.0,43
258,deallocate,7,6,2278,2835.0,0
259,allocate,60,0,2373,14208.0,32
259,allocate,14,5,2297,3648.0,38
259,allocate,64,7,2328,616.0,44
260,deallocate,17,8,2253,1260.0,0
260,allocate,13,2,2224,8600.0,43
260,allocate,50,4,2254,1517.0,41
260,deallocate,61,4,2294,3612.0,0
260,deallocate,13,2,2149,6000.0,0
260,deallocate,23,6,2352,14850.0,0
261,allocate,64,3,2293,518.0,37
261,deallocate,29,6,2229,7920.0,0
262,deallocate,14,4,2217,3648.0,0
262,allocate,81,0,2237,2300.0,46
263,allocate,25,5,2211,1080.0,36
263,allocate,67,6,2146,11808.0,41
264,allocate,89,8,2196,9282.0,34
264.2,allocate,9,6,87,316,30.0
264.2,deallocate,9,2,86,316,0.0
264.3,allocate,44,4,772,171,11.428571428571429
264.3,allocate,99,4,771,24,11.428571428571429
264.3,deallocate,49,0,761,156,0.0
264.3,deallocate,78,0,762,42,0.0
264.3,deallocate,70,0,763,217,0.0
264.3,deallocate,63,0,760,104,0.0
264.3,allocate,64,4,773,14,11.428571428571429
264.3,allocate,49,4,768,156,11.428571428571429
264.3,allocate,63,4,767,104,11.428571428571429
264.3,deallocate,64,0,766,14,0.0
264.3,deallocate,44,0,765,171,0.0
264.3,deallocate,99,0,764,24,0.0
264.3,allocate,70,4,770,217,11.428571428571429
264.3,allocate,78,4,769,42,11.428571428571429
265,deallocate,81,2,2227,1550.0,0
265,deallocate,35,2,2157,8775.0,0
266,allocate,57,2,2268,4680.0,39
266,allocate,86,3,2329,2312.0,34
266,allocate,69,0,2353,1110.0,37
267,allocate,38,2,2207,3627.0,31
267,deallocate,95,0,2277,525.0,0
267,allocate,64,6,2185,686.0,49
268,allocate,66,1,2214,5280.0,40
268,deallocate,35,7,2303,8580.0,0
268,deallocate,11,1,2154,17143.0,0
268,allocate,32,1,2148,1600.0,32
268.5,deallocate,93,3,338,56,0.0
268.5,allocate,93,2,339,56,11.11111111111111
269,deallocate,97,7,2344,1480.0,0
269,allocate,49,5,2252,5772.0,37
270,allocate,74,5,2155,8897.0,41
270,allocate,36,2,2292,2050.0,41
270,allocate,1,3,2180,3700.0,37
270,allocate,78,3,2358,1932.0,46
270,deallocate,10,9,2142,15015.0,0
271,allocate,40,0,2269,9282.0,34
271,allocate,62,0,2371,3264.0,32
271,deallocate,34,3,2326,2444.0,0
272,allocate,32,1,2189,2300.0,46
272,allocate,34,6,2338,2548.0,49
273,deallocate,6,5,2213,3255.0,0
273,deallocate,96,1,2245,986.0,0
273,deallocate,12,7,2355,1092.0,0
274,deallocate,3,5,2342,468.0,0
275,deallocate,99,4,2169,720.0,0
275.7,deallocate,63,4,767,104,0.0
275.7,deallocate,78,4,769,42,0.0
275.7,deallocate,70,4,770,217,0.0
275.7,deallocate,99,4,771,24,0.0
275.7,deallocate,44,4,772,171,0.0
275.7,deallocate,64,4,773,14,0.0
275.7,deallocate,49,4,768,156,0.0
276,deallocate,37,2,2206,3200.0,0
276,deallocate,58,5,2197,1518.0,0
278,deallocate,45,2,2168,468.0,0
279,deallocate,83,4,2218,930.0,0
279,deallocate,81,1,2159,2250.0,0
279.6,deallocate,93,2,339,56,0.0
281,deallocate,90,6,2145,6768.0,0
281.6,deallocate,77,1,63,20,0.0
281.6,allocate,0,3,65,450,30.0
281.6,deallocate,24,1,62,450,0.0
281.6,allocate,24,3,70,450,30.0
281.6,allocate,65,3,68,80,30.0
281.6,deallocate,49,1,61,156,0.0
281.6,deallocate,65,1,60,80,0.0
281.6,deallocate,2,1,59,48,0.0
281.6,deallocate,89,1,58,273,0.0
281.6,deallocate,0,1,57,450,0.0
281.6,deallocate,8,1,56,48,0.0
281.6,allocate,8,3,64,48,30.0
281.6,allocate,77,3,71,20,30.0
281.6,allocate,49,3,69,156,30.0
281.6,allocate,2,3,67,48,30.0
281.6,allocate,89,3,66,273,30.0
282,deallocate,30,8,2210,1800.0,0
284,deallocate,78,8,2212,2058.0,0
285,deallocate,63,4,2311,3120.0,0
286,deallocate,87,5,2266,8968.0,0
287,deallocate,2,0,2372,1440.0,0
289,deallocate,6,2,2241,3255.0,0
290,deallocate,91,6,2283,2350.0,0
290,deallocate,49,8,2260,5616.0,0
291,deallocate,60,0,2373,14208.0,0
291,deallocate,29,4,2273,8820.0,0
291,deallocate,45,2,2228,444.0,0
291,deallocate,35,9,2272,7605.0,0
292,deallocate,27,5,2165,1786.0,0
293,deallocate,30,1,2364,1760.0,0
294.2,deallocate,9,6,87,316,0.0
295,deallocate,16,2,2204,1755.0,0
297,deallocate,14,5,2297,3648.0,0
298,deallocate,28,1,2199,5130.0,0
298,deallocate,51,2,2307,1476.0,0
298,deallocate,89,8,2196,9282.0,0
298,deallocate,38,2,2207,3627.0,0
298,deallocate,64,3,2293,518.0,0
299,deallocate,25,5,2211,1080.0,0
299,deallocate,83,5,2147,1380.0,0
300,deallocate,86,3,2329,2312.0,0
300,deallocate,32,1,2148,1600.0,0
301,deallocate,31,5,2321,17286.0,0
301,deallocate,50,4,2254,1517.0,0
302,deallocate,54,2,2330,2700.0,0
303,deallocate,62,0,2371,3264.0,0
303,deallocate,64,7,2328,616.0,0
303,deallocate,69,0,2353,1110.0,0
303,deallocate,13,2,2224,8600.0,0
304,deallocate,67,6,2146,11808.0,0
305,deallocate,40,0,2269,9282.0,0
305,deallocate,57,2,2268,4680.0,0
306,deallocate,49,5,2252,5772.0,0
307,deallocate,1,3,2180,3700.0,0
308,deallocate,66,1,2214,5280.0,0
308,deallocate,81,0,2237,2300.0,0
311,deallocate,36,2,2292,2050.0,0
311,deallocate,74,5,2155,8897.0,0
311.6,deallocate,77,3,71,20,0.0
311.6,allocate,0,4,73,450,30.0
311.6,deallocate,65,3,68,80,0.0
311.6,allocate,77,4,79,20,30.0
311.6,deallocate,24,3,70,450,0.0
311.6,allocate,24,4,78,450,30.0
311.6,allocate,65,4,76,80,30.0
311.6,allocate,2,4,75,48,30.0
311.6,allocate,89,4,74,273,30.0
311.6,deallocate,49,3,69,156,0.0
311.6,deallocate,8,3,64,48,0.0
311.6,deallocate,0,3,65,450,0.0
311.6,deallocate,89,3,66,273,0.0
311.6,deallocate,2,3,67,48,0.0
311.6,allocate,8,4,72,48,30.0
311.6,allocate,49,4,77,156,30.0
316,deallocate,64,6,2185,686.0,0
316,deallocate,78,3,2358,1932.0,0
318,deallocate,32,1,2189,2300.0,0
321,deallocate,34,6,2338,2548.0,0
341.6,deallocate,0,4,73,450,0.0
341.6,deallocate,89,4,74,273,0.0
341.6,deallocate,2,4,75,48,0.0
341.6,deallocate,65,4,76,80,0.0
341.6,deallocate,49,4,77,156,0.0
341.6,deallocate,24,4,78,450,0.0
341.6,deallocate,8,4,72,48,0.0
341.6,deallocate,77,4,79,20,0.0
